Region,Year of Period End,Median Sale Price,Median Sale Price MoM ,Median Sale Price YoY ,Homes Sold,Homes Sold MoM ,Homes Sold YoY ,New Listings,New Listings MoM ,New Listings YoY ,Inventory,Inventory MoM , Inventory YoY ,Days on Market,Days on Market MoM,Days on Market YoY,Average Sale To List,Average Sale To List MoM ,Average Sale To List YoY 
"Mountlake Terrace, WA",2021,$540K,2.5%,6.9%,44,-7.7%,13.2%,53,30.1%,55.5%,13,91.7%,-39.3%,14,-1,-6,103.4%,1.0%,2.3%
,2020,$530K,2.4%,19.7%,317,9.7%,15.8%,325,38.7%,8.2%,165,2.8%,-27.7%,100,-2,-3,102.0%,0.1%,1.2%
,2019,$443K,1.6%,2.1%,277,2.4%,-10.3%,299,7.6%,-1.8%,247,-1.7%,75.1%,135,0,1,100.8%,0.1%,-2.2%
,2018,$436K,0.3%,9.2%,338,7.0%,6.0%,366,9.8%,8.1%,260,22.1%,66.4%,118,2,2,103.0%,-0.4%,-1.0%
,2017,$400K,0.7%,19.3%,329,4.1%,9.5%,338,13.6%,1.0%,180,1.7%,-15.7%,97,0,0,104.0%,0.2%,0.3%
,2016,$338K,2.2%,16.4%,337,10.0%,20.6%,367,15.1%,31.3%,225,1.3%,-6.6%,92,0,-4,103.7%,0.0%,2.2%
,2015,$291K,1.5%,5.1%,285,7.9%,1.9%,289,9.8%,3.5%,244,1.8%,-35.7%,137,0,-8,101.4%,0.2%,1.4%
,2014,$277K,0.5%,16.2%,285,6.0%,15.3%,289,7.4%,-0.8%,392,-5.4%,-10.8%,234,-1,1,100.1%,0.0%,-1.2%
,2013,$241K,4.6%,32.7%,256,11.0%,8.1%,298,14.6%,28.7%,466,4.0%,-2.5%,219,-1,-16,101.2%,-0.2%,0.6%
,2012,$188K,2.7%,-1.5%,236,15.6%,25.7%,241,6.5%,-0.5%,461,-5.9%,-49.3%,378,0,-40,100.8%,0.2%,2.9%
"Shoreline, WA",2021,$669K,-0.6%,10.1%,104,-17.5%,-10.7%,114,10.9%,19.7%,66,-14.4%,-27.2%,15,-6,-37,103.8%,1.3%,4.8%
,2020,$636K,0.6%,8.9%,876,3.6%,10.2%,920,9.5%,6.5%,762,-1.1%,-46.2%,177,-1,-6,101.4%,0.3%,1.5%
,2018,$605K,0.0%,13.3%,719,-0.7%,-12.4%,893,14.6%,4.7%,"1,072",13.2%,66.0%,175,3,6,102.2%,-0.2%,-3.0%
,2019,$584K,1.1%,-3.1%,821,7.6%,15.4%,931,9.6%,7.1%,"1,439",-0.8%,81.1%,243,-1,6,99.8%,0.0%,-2.3%
,2017,$537K,1.7%,20.9%,844,1.5%,4.3%,874,5.5%,-4.7%,638,0.7%,-18.7%,101,0,0,105.1%,-0.1%,0.7%
,2016,$444K,1.1%,14.1%,829,3.5%,-13.1%,922,5.5%,-1.2%,782,2.8%,-4.6%,102,0,-3,104.5%,0.0%,3.1%
,2015,$390K,1.6%,13.7%,955,2.1%,17.4%,946,3.2%,1.5%,885,-5.8%,-39.6%,142,-1,-6,101.4%,0.4%,1.3%
,2014,$343K,0.3%,12.0%,829,4.8%,15.3%,922,2.2%,4.2%,"1,467",-1.2%,3.4%,219,0,-8,100.1%,-0.1%,0.0%
,2013,$309K,2.3%,16.1%,747,7.2%,18.1%,904,18.3%,36.8%,"1,452",2.0%,-12.3%,316,1,-7,100.0%,0.1%,1.4%
,2012,$269K,1.2%,5.2%,632,17.9%,40.3%,678,-1.9%,6.2%,"1,547",-2.7%,-34.3%,360,-2,-29,98.9%,0.1%,2.0%
"Seattle, WA",2020,$724K,0.7%,6.3%,"12,087",3.9%,14.4%,"14,667",12.1%,26.9%,"18,397",3.3%,-9.0%,157,-1,-10,100.9%,0.1%,1.4%
,2021,$723K,-1.0%,7.3%,"1,713",-3.2%,21.1%,"2,021",28.4%,17.0%,"2,172",-10.0%,22.4%,41,-4,-11,101.3%,1.2%,1.5%
,2018,$705K,0.0%,9.0%,"10,331",0.1%,-13.4%,"12,768",5.7%,0.6%,"15,170",11.9%,75.2%,160,2,5,102.6%,-0.4%,-2.3%
,2019,$681K,0.2%,-3.3%,"10,808",3.6%,5.6%,"12,546",13.4%,-0.4%,"20,514",-1.0%,61.8%,277,0,10,99.5%,0.1%,-3.1%
,2017,$648K,1.2%,15.9%,"11,994",1.6%,-1.9%,"12,446",4.3%,-2.6%,"8,675",-0.8%,-22.4%,103,0,-1,104.9%,0.1%,1.7%
,2016,$559K,0.9%,13.9%,"12,399",2.5%,7.7%,"12,812",5.1%,3.4%,"11,152",0.2%,-6.8%,112,0,-1,103.2%,0.0%,0.8%
,2015,$492K,1.6%,13.8%,"11,596",3.2%,7.6%,"12,381",5.5%,3.8%,"11,868",-3.0%,-29.0%,126,-1,-5,102.3%,0.1%,1.9%
,2014,$432K,0.7%,8.0%,"10,648",2.0%,2.2%,"11,931",6.2%,-1.6%,"16,823",-1.4%,-10.1%,185,0,-1,100.4%,0.0%,0.2%
,2013,$401K,1.0%,11.4%,"10,547",2.4%,18.1%,"12,210",6.0%,20.2%,"18,823",0.4%,-13.3%,195,0,-14,100.2%,0.0%,1.6%
,2012,$366K,1.9%,7.7%,"8,457",5.3%,19.0%,"9,388",-3.3%,-1.6%,"19,941",-3.9%,-37.0%,301,-3,-20,98.8%,0.2%,1.6%
"Redmond, WA",2021,$934K,2.5%,12.1%,127,-20.1%,3.1%,167,54.4%,-15.4%,61,13.2%,-62.1%,13,-2,-25,106.6%,3.9%,6.0%
,2020,$888K,1.1%,5.7%,"1,289",3.8%,3.6%,"1,356",12.1%,2.6%,"1,081",-6.0%,-47.3%,125,-1,-9,101.7%,0.2%,2.2%
,2018,$844K,1.8%,11.1%,"1,262",2.8%,-12.7%,"1,479",7.3%,-1.3%,"1,561",14.1%,82.8%,148,3,6,102.6%,-0.4%,-2.4%
,2019,$842K,-0.5%,0.0%,"1,298",5.3%,3.3%,"1,430",12.9%,-0.7%,"2,030",-2.6%,69.7%,229,-2,7,99.6%,0.1%,-3.0%
,2017,$760K,0.9%,13.3%,"1,483",2.8%,-4.5%,"1,493",6.3%,-3.4%,864,0.1%,-33.2%,80,-1,-2,104.9%,0.0%,2.5%
,2016,$674K,2.4%,18.5%,"1,540",0.4%,-6.3%,"1,538",2.0%,-12.3%,"1,284",-1.1%,-35.0%,102,0,-5,102.5%,0.1%,1.8%
,2015,$571K,-0.9%,5.1%,"1,657",2.5%,7.5%,"1,751",4.0%,1.9%,"1,997",-4.9%,-20.8%,165,-1,-5,100.6%,0.1%,0.6%
,2014,$546K,2.9%,8.1%,"1,543",1.9%,-0.3%,"1,751",6.9%,2.1%,"2,586",1.1%,0.1%,225,1,1,100.0%,0.0%,0.0%
,2013,$505K,-0.1%,10.2%,"1,568",4.7%,18.7%,"1,733",3.1%,25.7%,"2,575",0.7%,-13.4%,210,-1,-31,100.0%,0.0%,1.9%
,2012,$465K,2.3%,5.1%,"1,244",5.5%,21.3%,"1,331",4.4%,4.6%,"2,772",-5.2%,-44.7%,503,-4,-16,98.3%,0.3%,1.2%
"Brier, WA",2021,$789K,-17.9%,24.3%,13,12.9%,38.9%,12,5.0%,46.7%,4,66.7%,-71.4%,8,-4,-39,105.7%,4.7%,4.4%
,2020,$721K,5.9%,11.4%,90,13.7%,9.1%,86,32.3%,0.3%,60,2.5%,-59.2%,250,0,-8,101.9%,-0.1%,2.8%
,2018,$677K,0.5%,23.6%,83,18.2%,5.0%,104,14.7%,9.4%,138,30.8%,215.6%,162,1,3,101.8%,-0.3%,-1.6%
,2019,$660K,3.3%,0.4%,109,21.3%,50.2%,109,20.9%,20.1%,145,-5.1%,69.4%,351,0,16,99.2%,0.1%,-2.7%
,2017,$560K,3.6%,9.1%,95,9.3%,16.3%,95,9.4%,6.3%,66,24.3%,-16.6%,128,-4,-4,103.4%,0.2%,1.1%
,2016,$518K,3.0%,11.8%,96,27.6%,14.2%,101,47.5%,16.9%,92,1.1%,-29.7%,176,-1,-6,102.4%,0.1%,1.0%
,2015,$470K,2.7%,6.6%,98,18.6%,35.8%,102,19.7%,21.9%,130,6.0%,-20.4%,244,4,-10,101.4%,-0.1%,1.5%
,2014,$451K,7.0%,31.1%,88,40.9%,25.2%,98,22.2%,3.7%,167,-4.8%,4.9%,365,0,11,99.8%,0.1%,-0.8%
,2012,$366K,16.7%,11.9%,65,51.1%,19.1%,57,13.2%,-26.2%,135,-8.5%,-54.0%,944,-4,13,99.6%,-0.2%,0.6%
,2013,$346K,2.6%,5.2%,84,33.9%,67.2%,97,12.1%,80.1%,165,9.4%,34.9%,234,-2,-66,100.7%,-0.1%,0.9%
"Lake Forest Park, WA",2021,$755K,5.9%,-11.8%,35,1.5%,66.4%,25,-14.0%,4.2%,10,-34.8%,-25.0%,12,-1,-26,107.1%,3.1%,6.8%
,2020,$742K,1.1%,4.3%,201,2.4%,4.7%,218,20.8%,20.7%,128,25.4%,-30.1%,129,-3,-17,102.4%,0.4%,2.4%
,2019,$718K,1.6%,8.0%,210,12.4%,12.6%,220,4.1%,-11.9%,313,-7.9%,105.9%,336,1,15,100.0%,-0.1%,-1.5%
,2017,$690K,5.7%,28.5%,235,20.1%,-2.7%,248,22.2%,-3.5%,213,-0.2%,-22.8%,117,0,0,103.9%,0.1%,2.1%
,2018,$686K,4.3%,3.1%,240,38.5%,3.2%,252,17.8%,7.4%,240,17.7%,24.2%,161,2,4,101.5%,-0.5%,-2.4%
,2016,$550K,1.0%,12.0%,259,10.6%,13.0%,307,12.8%,26.6%,281,5.5%,-1.3%,112,-1,-9,101.8%,0.3%,2.0%
,2015,$496K,2.5%,8.3%,242,8.3%,16.3%,257,14.4%,1.2%,293,-1.1%,-32.3%,223,-2,-5,99.8%,0.0%,0.2%
,2014,$464K,6.0%,17.0%,212,16.7%,7.9%,255,26.4%,5.1%,437,0.1%,0.2%,277,0,6,99.6%,0.0%,-1.1%
,2013,$407K,-0.2%,17.5%,225,4.2%,39.9%,258,10.4%,33.8%,436,2.0%,-1.0%,205,-1,-36,100.7%,0.0%,3.2%
,2012,$375K,12.6%,8.4%,168,23.4%,47.3%,183,0.8%,19.8%,410,-2.7%,-39.3%,505,-7,-18,98.3%,0.9%,1.8%
"Bellevue, WA",2020,"$1,013K",0.9%,12.7%,"2,046",8.2%,9.4%,"2,423",16.6%,34.9%,"2,586",4.2%,-19.3%,126,-2,-10,101.0%,0.3%,1.8%
,2021,$968K,-0.1%,10.2%,286,-9.1%,48.4%,315,22.3%,14.6%,249,-4.3%,15.6%,29,-1,-10,102.7%,1.3%,2.8%
,2019,$901K,1.3%,0.5%,"1,987",3.6%,-0.3%,"2,154",3.1%,-17.1%,"3,369",-5.4%,38.6%,245,-1,7,99.2%,0.1%,-2.9%
,2018,$897K,0.3%,4.0%,"1,996",-1.6%,-7.6%,"2,545",10.5%,8.9%,"3,248",12.5%,71.9%,160,2,5,102.0%,-0.3%,-2.5%
,2017,$865K,1.3%,21.0%,"2,213",3.7%,-1.5%,"2,375",8.1%,-0.1%,"1,935",2.4%,-20.6%,98,0,-1,104.5%,0.0%,1.9%
,2016,$716K,1.5%,11.6%,"2,270",2.4%,4.1%,"2,400",7.1%,1.0%,"2,449",-0.6%,-26.7%,111,-1,-4,102.6%,0.2%,2.1%
,2015,$644K,0.4%,9.1%,"2,196",1.6%,6.1%,"2,356",4.8%,-0.4%,"3,311",-4.0%,-2.8%,160,0,-4,100.5%,0.0%,0.3%
,2014,$596K,1.9%,11.7%,"2,057",2.1%,-6.6%,"2,379",3.8%,-3.6%,"3,557",1.8%,-6.8%,212,0,4,100.2%,0.0%,0.2%
,2013,$533K,0.6%,15.2%,"2,240",2.1%,9.2%,"2,520",6.1%,8.5%,"3,807",0.5%,-20.4%,170,1,-20,100.1%,0.0%,2.2%
,2012,$473K,2.4%,5.5%,"1,998",8.0%,22.5%,"2,103",-5.7%,1.3%,"4,460",-6.4%,-36.9%,333,-4,-27,98.1%,0.2%,1.3%
"Bothell, WA",2021,$770K,4.4%,16.9%,228,-7.1%,0.6%,295,20.2%,0.4%,93,4.7%,-57.0%,12,0,-26,105.0%,1.1%,4.9%
,2020,$689K,1.0%,6.2%,"2,015",3.0%,-5.5%,"2,114",10.5%,3.2%,"1,337",-5.9%,-58.4%,128,-3,-16,101.7%,0.3%,2.1%
,2018,$669K,-0.2%,11.2%,"2,226",1.0%,-7.2%,"2,486",3.2%,1.4%,"3,191",11.0%,83.0%,203,4,7,101.7%,-0.2%,-1.1%
,2019,$651K,0.0%,-2.6%,"2,173",3.6%,-1.5%,"2,236",3.8%,-8.7%,"3,210",-5.2%,26.2%,321,-1,10,99.5%,0.0%,-2.2%
,2017,$602K,2.0%,19.1%,"2,408",0.8%,-4.9%,"2,420",5.9%,-7.5%,"1,691",0.5%,-29.2%,115,-1,-2,102.9%,0.0%,1.3%
,2016,$506K,1.0%,10.6%,"2,563",1.8%,16.6%,"2,671",0.7%,11.2%,"2,387",-2.2%,-31.4%,138,-1,-17,101.6%,0.1%,1.4%
,2015,$458K,0.7%,7.6%,"2,198",3.5%,20.1%,"2,384",4.2%,11.5%,"3,469",-3.9%,-17.0%,338,-1,4,100.3%,0.1%,0.4%
,2014,$426K,1.3%,14.9%,"1,867",2.6%,5.1%,"2,201",4.8%,10.1%,"4,252",2.3%,49.9%,296,2,6,99.9%,0.0%,-0.7%
,2013,$371K,1.7%,16.6%,"1,767",1.6%,5.9%,"1,978",0.4%,15.1%,"2,870",1.8%,-13.7%,225,1,-25,100.6%,-0.1%,0.9%
,2012,$322K,1.7%,3.6%,"1,578",6.0%,18.5%,"1,617",-0.5%,1.2%,"3,121",-4.2%,-44.5%,438,-6,-33,99.8%,0.2%,1.2%
"Kirkland, WA",2021,$994K,5.2%,24.4%,242,-13.3%,39.2%,283,41.6%,-0.7%,172,-9.9%,-35.8%,26,-3,-9,102.9%,1.9%,2.8%
,2020,$876K,2.3%,14.6%,"1,864",6.5%,16.7%,"2,133",13.9%,25.0%,"2,130",1.2%,-18.5%,121,-2,-10,101.2%,0.2%,1.9%
,2018,$813K,-0.1%,17.5%,"1,733",1.6%,-12.5%,"2,017",2.9%,-6.6%,"2,415",10.4%,50.9%,146,2,5,102.2%,-0.4%,-2.0%
,2019,$767K,0.0%,-5.4%,"1,645",2.9%,-3.2%,"1,839",15.0%,-3.7%,"2,636",-3.4%,34.1%,235,0,7,99.4%,0.1%,-2.8%
,2017,$695K,3.1%,16.6%,"1,988",0.2%,1.6%,"2,117",9.6%,4.1%,"1,613",3.6%,-13.6%,89,0,-2,104.2%,0.1%,1.8%
,2016,$598K,0.7%,18.5%,"1,979",2.0%,5.3%,"2,073",2.4%,-0.4%,"1,910",-2.9%,-30.3%,108,-1,-8,102.4%,0.2%,2.1%
,2015,$506K,2.3%,7.2%,"1,882",3.8%,10.7%,"2,067",8.3%,7.6%,"2,716",-1.6%,-17.0%,201,-2,-5,100.3%,0.0%,0.5%
,2014,$473K,-0.9%,9.9%,"1,732",6.0%,1.2%,"1,978",3.9%,-1.5%,"3,303",-0.7%,4.4%,258,2,8,99.8%,0.0%,-0.8%
,2013,$433K,2.1%,16.4%,"1,734",1.3%,16.4%,"1,967",3.8%,17.0%,"3,130",1.0%,-7.6%,160,-1,-26,100.6%,0.1%,2.4%
,2012,$380K,2.4%,6.0%,"1,376",2.1%,22.1%,"1,549",-2.3%,2.1%,"3,096",-4.3%,-45.2%,403,-3,-20,98.3%,0.2%,1.4%
"Kenmore, WA",2021,$837K,7.5%,31.1%,45,-16.3%,-18.1%,67,55.4%,23.8%,21,-25.0%,-44.8%,24,-1,-30,104.7%,2.3%,4.9%
,2020,$726K,1.7%,10.0%,416,2.9%,6.0%,424,15.4%,4.2%,322,-1.4%,-54.4%,169,-4,-12,101.0%,0.3%,1.4%
,2018,$670K,0.1%,4.7%,359,1.5%,-20.9%,442,18.0%,-6.1%,564,22.5%,72.5%,241,4,8,101.9%,-0.1%,-1.2%
,2019,$663K,1.1%,-0.9%,411,10.4%,21.2%,447,18.3%,9.3%,712,-1.9%,92.8%,307,-3,6,99.6%,0.1%,-2.3%
,2017,$643K,0.5%,19.5%,474,2.2%,-5.9%,470,3.1%,-10.2%,373,-3.1%,-28.3%,144,2,-2,103.1%,-0.2%,1.4%
,2016,$542K,0.4%,8.3%,517,6.0%,8.7%,516,4.4%,4.9%,503,-3.7%,-42.8%,163,-2,-7,101.7%,0.1%,1.7%
,2015,$504K,4.7%,21.0%,485,5.7%,39.5%,528,0.8%,19.1%,885,-2.0%,10.7%,251,-1,-9,100.0%,0.1%,0.6%
,2014,$419K,0.3%,9.4%,362,4.9%,-0.4%,459,21.0%,30.7%,834,2.6%,34.1%,353,1,9,99.4%,-0.1%,-0.9%
,2013,$386K,1.7%,11.1%,374,4.8%,19.9%,399,2.4%,2.2%,637,0.7%,-30.0%,248,1,-39,100.2%,0.1%,1.2%
,2012,$356K,2.7%,6.9%,335,15.0%,37.4%,382,9.2%,26.4%,865,-3.5%,-32.2%,593,-9,-23,98.8%,-0.3%,1.5%
"Lynnwood, WA",2021,$657K,8.8%,20.3%,142,-32.2%,-24.3%,197,27.1%,-13.0%,59,31.1%,-73.0%,11,-1,-34,105.0%,1.7%,5.1%
,2020,$552K,1.0%,12.4%,"1,592",5.8%,11.7%,"1,597",4.6%,3.2%,"1,192",-11.8%,-44.4%,155,-2,-8,101.0%,0.3%,1.2%
,2018,$496K,0.2%,13.1%,"1,641",0.2%,1.5%,"1,794",-0.2%,-1.2%,"1,963",8.9%,42.7%,180,2,5,101.4%,-0.2%,-0.8%
,2019,$492K,0.5%,-0.6%,"1,456",4.0%,-8.1%,"1,595",13.3%,-5.5%,"2,194",-0.1%,32.6%,246,-1,6,99.9%,0.1%,-1.5%
,2017,$441K,2.0%,15.7%,"1,674",4.8%,12.4%,"1,805",4.5%,16.9%,"1,363",3.7%,-11.4%,121,0,-3,102.2%,0.0%,0.7%
,2016,$381K,0.9%,9.5%,"1,503",0.3%,0.5%,"1,597",2.7%,5.8%,"1,533",-1.1%,-27.1%,160,0,-13,101.4%,0.1%,1.5%
,2015,$348K,0.3%,6.4%,"1,492",3.4%,9.8%,"1,498",8.1%,3.0%,"2,121",-6.2%,-32.6%,310,-2,-7,100.0%,0.0%,0.2%
,2014,$327K,0.3%,12.2%,"1,364",1.7%,7.3%,"1,489",-2.0%,-3.7%,"3,141",-2.3%,22.8%,393,1,7,99.8%,0.0%,-0.6%
,2013,$294K,2.4%,20.8%,"1,290",1.6%,11.3%,"1,538",9.1%,23.0%,"2,733",4.4%,-3.5%,304,-1,-21,100.4%,-0.1%,0.7%
,2012,$243K,0.4%,3.1%,"1,093",5.7%,6.1%,"1,172",-6.5%,-7.2%,"2,653",-5.1%,-44.2%,487,-3,-25,99.7%,0.2%,1.5%
"Sammamish, WA",2021,"$1,246K",6.3%,27.2%,127,-0.5%,14.2%,168,71.1%,-16.0%,52,30.0%,-56.4%,10,-1,-27,105.8%,2.0%,6.0%
,2020,"$1,064K",1.6%,12.9%,"1,182",5.4%,4.0%,"1,235",12.2%,13.4%,869,-5.5%,-59.3%,133,-3,-16,101.2%,0.4%,2.2%
,2018,$948K,-0.3%,7.3%,"1,203",2.7%,-11.7%,"1,419",5.0%,-6.1%,"2,152",8.6%,76.5%,197,2,5,101.2%,-0.3%,-1.6%
,2019,$944K,0.6%,-0.3%,"1,179",2.6%,-0.6%,"1,255",32.8%,-3.9%,"2,129",-4.3%,13.3%,330,0,11,99.1%,0.1%,-2.1%
,2017,$884K,0.6%,14.5%,"1,426",5.0%,6.6%,"1,463",7.3%,0.5%,"1,201",1.4%,-16.1%,143,0,0,102.8%,0.0%,1.1%
,2016,$776K,2.2%,13.2%,"1,331",5.7%,-1.6%,"1,454",12.2%,6.8%,"1,446",2.0%,-10.5%,148,-1,-4,101.7%,0.1%,1.1%
,2015,$685K,0.2%,5.1%,"1,356",2.6%,6.8%,"1,454",3.3%,5.0%,"1,638",-2.5%,-20.9%,193,-2,-5,100.5%,0.1%,0.5%
,2014,$653K,1.5%,11.7%,"1,278",3.9%,-8.1%,"1,386",4.4%,-9.9%,"2,087",0.3%,6.9%,257,1,6,100.0%,0.0%,-0.3%
,2013,$586K,1.2%,11.2%,"1,389",1.5%,21.3%,"1,499",10.7%,21.6%,"1,959",2.8%,-20.6%,190,0,-28,100.3%,0.0%,2.0%
,2012,$529K,1.0%,0.2%,"1,082",4.8%,31.8%,"1,160",-3.8%,7.0%,"2,324",-5.9%,-39.7%,445,-5,-19,98.3%,0.1%,0.9%
"Issaquah, WA",2020,$781K,1.4%,8.3%,"1,220",3.6%,6.6%,"1,263",7.9%,10.4%,"1,067",-3.8%,-46.4%,114,-3,-21,100.9%,0.4%,1.8%
,2018,$771K,1.2%,14.4%,"1,231",2.9%,-7.1%,"1,462",5.5%,5.7%,"1,940",12.0%,83.8%,184,2,7,101.1%,-0.3%,-2.1%
,2021,$749K,-2.1%,12.6%,136,-7.3%,14.4%,157,56.0%,-3.8%,70,-1.1%,-51.4%,12,-1,-14,104.1%,0.7%,4.4%
,2019,$722K,-0.6%,-6.2%,"1,197",5.6%,-1.6%,"1,257",18.2%,-8.1%,"1,975",-4.3%,30.5%,368,1,15,99.1%,0.1%,-2.0%
,2017,$676K,2.2%,19.0%,"1,361",3.0%,-5.6%,"1,365",5.2%,-9.3%,"1,062",1.0%,-19.1%,95,0,-2,103.2%,0.0%,1.3%
,2016,$571K,0.5%,13.5%,"1,429",1.4%,14.9%,"1,486",7.9%,6.0%,"1,306",1.5%,-13.7%,118,0,-4,101.9%,0.1%,1.4%
,2015,$507K,2.6%,10.8%,"1,280",5.6%,3.9%,"1,406",4.3%,3.8%,"1,509",-2.8%,-16.1%,162,-1,-5,100.5%,0.1%,0.5%
,2014,$458K,-0.1%,3.2%,"1,240",2.3%,-7.5%,"1,392",6.9%,2.1%,"1,895",2.1%,-9.1%,217,0,-2,100.0%,0.1%,-0.2%
,2013,$444K,2.2%,12.7%,"1,345",2.5%,26.7%,"1,382",5.6%,11.8%,"2,067",-2.8%,-34.8%,244,-1,-26,100.2%,-0.1%,1.7%
,2012,$399K,1.1%,5.0%,"1,043",7.9%,48.8%,"1,158",-2.3%,7.9%,"2,891",-4.6%,-31.6%,469,-4,-30,98.6%,0.1%,1.4%
"Snoqualmie, WA",2021,$815K,-2.1%,14.2%,37,-14.2%,48.8%,55,14.3%,23.0%,12,40.0%,-44.6%,10,0,-3,109.2%,3.8%,9.7%
,2020,$779K,2.1%,16.8%,345,7.7%,10.1%,361,20.8%,27.6%,185,7.6%,-53.4%,80,-2,-14,101.2%,0.2%,2.3%
,2018,$717K,0.5%,7.2%,420,8.7%,3.9%,419,15.1%,-4.9%,439,7.6%,66.1%,205,3,10,101.1%,-0.3%,-0.7%
,2019,$673K,0.5%,-5.6%,324,4.7%,-19.3%,336,19.5%,-13.7%,386,-0.9%,4.4%,246,-2,3,98.9%,0.1%,-2.2%
,2017,$670K,1.6%,19.8%,410,7.4%,14.6%,420,15.6%,-6.0%,265,9.7%,-14.4%,82,0,-1,101.9%,0.2%,1.0%
,2016,$561K,2.3%,9.9%,384,12.5%,-19.0%,466,23.6%,12.5%,368,13.8%,21.2%,91,-1,-13,100.9%,0.1%,0.7%
,2015,$514K,-1.0%,9.1%,486,5.3%,11.3%,455,-3.8%,-1.7%,383,-9.4%,-55.7%,250,-1,-12,100.2%,-0.1%,0.3%
,2014,$479K,1.8%,9.8%,443,3.1%,12.2%,475,32.7%,17.8%,857,-1.4%,-2.7%,397,0,4,99.8%,0.0%,-0.4%
,2013,$438K,2.1%,6.2%,403,10.1%,24.9%,446,-6.8%,18.7%,925,-0.6%,-6.2%,353,0,-45,100.2%,0.1%,1.2%
,2012,$419K,1.7%,8.4%,320,11.9%,41.3%,374,11.6%,14.5%,904,-0.2%,-39.3%,742,-10,-35,99.1%,0.1%,1.2%
"North Bend, WA",2021,$942K,5.4%,33.5%,45,-21.5%,15.4%,61,88.0%,-20.8%,13,-11.6%,-85.5%,38,6,-38,106.5%,2.5%,5.8%
,2020,$767K,1.5%,11.2%,402,6.0%,15.9%,434,3.6%,11.9%,405,-12.4%,-49.3%,176,-4,-13,103.0%,0.1%,2.6%
,2019,$693K,2.8%,11.2%,363,7.9%,6.2%,413,11.9%,14.7%,804,0.0%,82.7%,332,1,14,100.4%,0.0%,-0.8%
,2018,$627K,2.1%,14.8%,337,1.5%,37.1%,383,6.7%,15.6%,536,11.4%,56.9%,164,2,-8,101.2%,0.0%,0.1%
,2017,$550K,-0.2%,13.1%,319,17.5%,11.7%,391,15.4%,48.2%,353,6.7%,-4.2%,262,0,6,101.1%,0.0%,0.3%
,2016,$493K,4.0%,19.4%,313,6.0%,3.8%,314,5.7%,0.2%,395,-7.0%,-33.5%,186,-2,-13,100.8%,0.1%,0.8%
,2015,$423K,3.5%,9.8%,302,6.2%,7.2%,317,33.8%,6.4%,590,-0.3%,-23.1%,338,-2,-13,100.1%,0.0%,0.7%
,2013,$392K,1.8%,35.5%,321,8.9%,65.7%,358,6.4%,32.4%,951,-1.0%,13.3%,470,3,-6,99.4%,-0.1%,1.4%
,2014,$391K,0.4%,0.0%,296,11.7%,-5.2%,321,0.3%,-12.7%,777,-1.2%,-17.6%,496,0,2,99.4%,-0.1%,0.0%
,2012,$309K,8.1%,9.3%,199,26.5%,52.3%,278,15.6%,38.6%,795,2.9%,-9.4%,491,-2,-52,98.2%,0.5%,0.7%
"Marysville, WA",2021,$512K,5.8%,19.4%,157,-26.8%,-7.2%,176,20.0%,-31.6%,67,4.3%,-70.3%,11,-1,-11,103.7%,1.1%,2.7%
,2020,$447K,1.0%,12.6%,"1,564",4.6%,7.3%,"1,576",2.7%,9.2%,"1,205",-7.0%,-12.3%,109,-1,-8,101.5%,0.2%,1.0%
,2019,$397K,1.0%,7.1%,"1,469",3.5%,10.2%,"1,552",11.6%,11.4%,"1,512",0.6%,11.1%,201,-1,2,100.5%,0.1%,-0.4%
,2018,$371K,1.0%,11.6%,"1,328",0.6%,-1.7%,"1,432",3.2%,3.7%,"1,453",5.2%,4.2%,183,1,-1,101.0%,0.0%,0.2%
,2017,$333K,1.0%,10.3%,"1,354",1.2%,0.0%,"1,368",3.0%,-11.0%,"1,406",-3.0%,-33.6%,189,-1,-4,100.7%,0.0%,0.4%
,2016,$302K,1.2%,14.9%,"1,391",2.5%,25.6%,"1,543",1.7%,22.1%,"2,077",0.7%,1.6%,231,0,-9,100.3%,0.0%,0.4%
,2015,$263K,0.6%,5.6%,"1,123",5.9%,8.8%,"1,255",13.6%,12.6%,"2,040",-1.7%,-19.3%,343,-2,-7,100.0%,0.1%,0.5%
,2014,$249K,0.7%,10.9%,"1,028",3.8%,1.6%,"1,172",2.0%,0.3%,"2,536",-0.9%,16.6%,424,1,8,99.5%,0.0%,-1.0%
,2013,$226K,2.1%,20.3%,"1,024",-0.5%,2.3%,"1,161",4.6%,14.1%,"2,225",3.5%,-3.8%,326,1,-17,100.4%,-0.1%,0.4%
,2012,$189K,0.8%,5.1%,956,6.6%,5.5%,938,-1.9%,-15.4%,"2,182",-5.9%,-45.9%,472,-2,-17,100.1%,0.2%,0.6%
"Renton, WA",2021,$553K,4.8%,6.2%,266,-13.6%,5.3%,277,11.1%,-10.0%,102,-11.4%,-59.3%,12,-1,-16,103.9%,2.0%,3.2%
,2020,$537K,-0.1%,5.9%,"2,075",2.6%,-0.5%,"2,152",8.6%,6.1%,"1,707",-4.2%,-49.4%,115,-2,-14,101.3%,0.2%,1.8%
,2019,$508K,1.5%,8.9%,"2,139",3.7%,7.4%,"2,291",16.3%,-3.9%,"3,417",-3.5%,31.5%,282,-1,8,99.5%,0.1%,-1.9%
,2018,$468K,0.6%,7.5%,"1,991",1.3%,-14.8%,"2,450",4.4%,4.7%,"3,270",11.5%,78.1%,185,3,4,101.4%,-0.3%,-0.5%
,2017,$436K,0.7%,10.8%,"2,343",-1.4%,0.6%,"2,291",1.9%,-13.1%,"1,830",-3.5%,-40.2%,137,-1,-3,101.9%,0.1%,0.6%
,2016,$394K,1.6%,13.9%,"2,379",3.3%,3.1%,"2,622",3.1%,4.6%,"3,037",0.2%,-16.7%,169,1,-7,101.2%,0.1%,1.3%
,2015,$346K,1.2%,8.8%,"2,333",4.7%,18.2%,"2,502",8.9%,11.3%,"3,665",-3.4%,-21.5%,253,-2,-6,99.9%,0.1%,0.4%
,2014,$318K,0.9%,9.4%,"1,972",2.0%,0.8%,"2,276",0.7%,-1.8%,"4,693",-0.3%,21.1%,327,1,4,99.5%,-0.1%,-0.7%
,2013,$291K,0.9%,13.2%,"1,968",4.1%,12.4%,"2,280",8.0%,15.5%,"3,956",2.1%,-18.2%,276,-1,-19,100.2%,0.1%,1.4%
,2012,$261K,1.2%,7.7%,"1,680",5.5%,25.6%,"1,862",-4.1%,0.9%,"4,547",-5.2%,-39.5%,439,-2,-36,98.9%,0.1%,1.6%
"Everett, WA",2021,$476K,-0.6%,15.5%,315,-18.1%,36.0%,326,13.3%,2.2%,119,-5.4%,-52.7%,12,-1,-8,104.4%,1.9%,3.6%
,2020,$461K,1.0%,12.0%,"2,459",4.9%,2.5%,"2,625",8.5%,10.4%,"1,880",-1.5%,-30.3%,99,-1,-8,101.6%,0.2%,1.7%
,2019,$411K,1.0%,4.1%,"2,402",2.2%,-7.8%,"2,492",8.9%,-13.4%,"2,716",-4.2%,5.6%,197,-2,2,99.9%,0.0%,-1.5%
,2018,$395K,0.8%,12.4%,"2,625",-1.7%,-5.8%,"2,908",3.6%,-3.5%,"3,008",7.0%,6.6%,171,2,1,101.4%,-0.1%,0.3%
,2017,$352K,0.8%,10.3%,"2,907",4.7%,13.4%,"3,072",3.2%,9.6%,"2,829",-0.2%,-11.3%,164,0,-1,101.1%,0.0%,0.6%
,2016,$319K,1.4%,10.9%,"2,577",0.4%,2.1%,"2,783",3.7%,1.9%,"3,109",-1.7%,-29.9%,179,-1,-10,100.6%,0.1%,0.9%
,2015,$288K,0.3%,13.0%,"2,557",5.1%,26.8%,"2,746",1.8%,11.8%,"4,438",-3.3%,-14.3%,302,-1,-5,99.7%,0.0%,0.2%
,2014,$256K,1.0%,6.7%,"2,023",3.2%,-5.4%,"2,451",3.8%,1.5%,"5,216",0.1%,7.2%,361,1,4,99.5%,0.0%,-1.0%
,2013,$240K,1.6%,21.0%,"2,134",0.6%,14.2%,"2,432",2.3%,14.8%,"4,861",1.5%,-9.9%,317,1,-18,100.5%,0.0%,1.2%
,2012,$202K,2.4%,8.2%,"1,754",4.6%,7.6%,"1,982",1.1%,-9.4%,"5,002",-3.8%,-42.4%,477,-3,-26,99.4%,0.1%,2.0%
"Kent, WA",2021,$518K,6.5%,12.9%,223,-20.7%,16.4%,250,22.0%,-8.5%,91,0.2%,-65.0%,11,0,-13,103.4%,0.9%,2.8%
,2020,$470K,0.6%,9.3%,"1,897",5.1%,5.4%,"1,995",8.7%,12.7%,"1,601",-4.7%,-34.7%,100,-1,-9,101.5%,0.2%,1.4%
,2019,$430K,0.6%,3.6%,"1,825",0.9%,-1.0%,"1,887",13.7%,-7.3%,"2,422",-4.6%,0.1%,208,-1,1,100.1%,0.1%,-0.8%
,2018,$415K,0.0%,11.6%,"1,844",0.1%,-11.0%,"2,135",5.2%,-0.2%,"2,977",7.1%,29.5%,192,1,1,100.9%,-0.1%,-0.1%
,2017,$373K,1.6%,11.6%,"2,071",0.8%,10.4%,"2,115",1.3%,-3.3%,"2,254",-2.0%,-21.9%,182,0,0,101.0%,0.0%,0.4%
,2016,$334K,0.7%,11.8%,"1,938",3.9%,6.9%,"2,162",3.5%,11.7%,"2,882",0.6%,-10.8%,186,-1,-11,100.6%,0.0%,0.6%
,2015,$299K,1.1%,14.7%,"1,846",3.8%,19.9%,"1,948",3.4%,10.6%,"3,255",-3.7%,-22.7%,316,-2,-9,100.0%,0.1%,0.7%
,2014,$261K,1.0%,5.6%,"1,527",3.5%,2.8%,"1,778",3.2%,0.0%,"4,236",0.2%,6.5%,427,0,1,99.2%,0.0%,-1.0%
,2013,$248K,0.7%,13.4%,"1,505",1.9%,3.3%,"1,778",0.8%,7.8%,"4,001",0.7%,-16.9%,413,-1,-25,100.3%,-0.1%,1.1%
,2012,$219K,0.8%,4.7%,"1,397",6.7%,21.6%,"1,551",1.1%,-8.4%,"4,443",-4.8%,-35.5%,630,-3,-14,99.4%,0.3%,1.1%
"SeaTac, WA",2021,$515K,6.0%,25.6%,39,-12.3%,15.5%,31,-6.1%,-21.5%,18,-30.6%,-53.2%,23,0,-27,101.3%,-0.3%,3.3%
,2020,$429K,1.9%,4.9%,280,10.8%,22.7%,304,7.6%,31.2%,255,2.1%,-31.7%,163,-2,-7,101.3%,0.1%,1.6%
,2019,$409K,1.5%,11.8%,245,9.5%,-13.7%,280,55.4%,4.9%,396,-0.7%,-5.2%,250,-2,1,99.8%,0.1%,-1.7%
,2018,$367K,0.0%,5.9%,296,7.4%,-10.1%,340,-0.6%,-4.1%,487,7.1%,20.4%,243,3,1,101.5%,-0.1%,0.1%
,2017,$348K,2.2%,21.3%,352,7.2%,28.9%,356,14.5%,9.1%,414,-0.4%,-16.9%,228,-1,2,101.4%,0.1%,-0.2%
,2016,$288K,2.0%,21.6%,281,5.8%,3.3%,341,18.7%,11.6%,486,4.7%,21.6%,204,1,-2,101.6%,0.0%,1.7%
,2015,$239K,4.0%,12.6%,288,14.8%,18.7%,310,-2.7%,20.0%,406,-4.9%,-39.8%,232,-4,-24,99.9%,0.0%,1.2%
,2014,$214K,0.2%,7.3%,245,-2.7%,6.3%,280,8.0%,-12.7%,681,-2.0%,-8.8%,519,2,10,98.7%,0.1%,-1.0%
,2013,$202K,2.7%,30.2%,251,9.5%,5.2%,324,4.8%,16.5%,754,0.6%,-16.1%,401,-1,-21,99.8%,-0.1%,1.3%
,2012,$157K,2.5%,5.1%,225,1.5%,7.5%,260,-0.3%,-16.4%,823,-3.3%,-38.4%,605,0,-19,98.6%,0.2%,1.8%
"Edmonds, WA",2021,$720K,7.7%,20.7%,118,-20.4%,13.8%,134,34.8%,38.1%,69,6.3%,-24.7%,14,-2,-23,103.1%,1.5%,3.7%
,2020,$641K,1.5%,12.8%,"1,021",6.2%,4.9%,"1,064",10.4%,10.8%,875,-1.7%,-42.0%,132,-2,-12,101.0%,0.2%,1.4%
,2018,$583K,1.1%,11.2%,"1,046",0.7%,-1.6%,"1,177",0.1%,2.3%,"1,337",7.1%,34.8%,162,2,2,101.5%,-0.3%,-0.9%
,2019,$570K,0.3%,-2.1%,"1,001",4.6%,-1.6%,"1,062",12.1%,-6.1%,"1,528",-0.4%,22.9%,275,0,9,99.6%,0.1%,-1.9%
,2017,$527K,1.3%,16.9%,"1,074",3.8%,-1.6%,"1,124",7.7%,-1.6%,977,-0.4%,-27.2%,143,-1,-1,102.3%,0.1%,1.5%
,2016,$451K,0.4%,7.1%,"1,082",1.2%,9.5%,"1,166",0.8%,5.6%,"1,344",0.1%,-16.8%,156,0,-7,100.9%,0.0%,0.7%
,2015,$422K,0.8%,15.8%,"1,006",6.7%,14.9%,"1,096",7.3%,4.8%,"1,604",-2.9%,-23.8%,244,-1,-8,100.1%,0.1%,0.9%
,2014,$368K,1.8%,7.3%,899,5.9%,0.8%,"1,071",5.6%,1.7%,"2,098",0.0%,10.6%,336,0,4,99.3%,-0.1%,-0.1%
,2013,$342K,1.1%,8.5%,916,2.2%,16.7%,"1,065",4.0%,25.2%,"1,926",3.4%,-3.0%,284,-1,-25,99.4%,0.0%,1.4%
,2012,$323K,3.3%,6.7%,751,7.4%,20.8%,807,0.3%,-2.3%,"1,894",-6.3%,-50.0%,537,0,-26,98.2%,0.3%,2.0%
"Puyallup, WA",2021,$449K,3.4%,13.6%,295,-18.3%,0.2%,347,26.8%,-2.6%,114,-4.7%,-62.7%,13,-1,-11,103.1%,0.8%,2.0%
,2020,$416K,1.2%,11.6%,"2,721",4.4%,2.1%,"2,747",5.6%,5.7%,"1,916",-5.2%,-44.5%,93,-1,-10,101.7%,0.2%,1.2%
,2019,$373K,0.5%,7.4%,"2,724",1.4%,-1.9%,"2,759",3.4%,-10.5%,"3,447",-4.5%,-18.0%,210,-2,-3,100.5%,0.0%,-0.2%
,2018,$347K,0.7%,10.4%,"2,774",1.1%,-5.1%,"3,049",2.8%,1.7%,"4,441",3.6%,14.7%,240,1,0,100.7%,0.0%,-0.3%
,2017,$315K,1.1%,10.6%,"2,916",1.2%,8.9%,"2,990",2.8%,1.6%,"3,861",-1.3%,-18.3%,244,0,-8,101.0%,0.0%,0.8%
,2016,$285K,0.8%,11.1%,"2,702",3.6%,21.2%,"2,991",5.3%,17.6%,"4,721",-0.3%,-15.5%,345,0,-11,100.2%,0.0%,0.4%
,2015,$256K,0.6%,6.8%,"2,238",4.2%,23.8%,"2,524",0.6%,12.0%,"5,564",-2.1%,-10.7%,474,-1,-7,99.8%,0.0%,0.3%
,2014,$241K,0.6%,5.2%,"1,824",1.1%,2.7%,"2,271",8.4%,9.7%,"6,251",0.7%,10.3%,563,-2,-5,99.4%,0.0%,-0.4%
,2013,$229K,1.6%,16.7%,"1,778",2.4%,13.6%,"2,110",2.7%,16.2%,"5,691",0.6%,-7.7%,620,2,-13,99.8%,0.0%,0.7%
,2012,$197K,0.7%,0.8%,"1,465",3.9%,10.0%,"1,720",0.5%,-8.6%,"5,655",-2.5%,-25.6%,706,-2,-7,99.2%,0.1%,0.7%
"Federal Way, WA",2021,$480K,4.3%,16.7%,160,-11.0%,8.2%,183,19.2%,15.0%,66,5.2%,-44.6%,11,-1,-9,103.6%,1.2%,2.9%
,2020,$434K,1.0%,10.5%,"1,284",2.7%,-3.6%,"1,379",6.5%,8.4%,"1,003",-1.8%,-40.1%,92,-2,-11,101.7%,0.3%,1.5%
,2019,$393K,0.9%,8.5%,"1,358",1.9%,-4.5%,"1,411",9.9%,-11.4%,"1,700",-5.0%,-4.9%,220,-1,2,100.2%,0.1%,-0.8%
,2018,$362K,0.1%,5.4%,"1,421",0.0%,-5.1%,"1,590",4.2%,0.1%,"2,031",5.6%,3.3%,192,1,-4,101.0%,-0.1%,0.2%
,2017,$344K,1.1%,14.0%,"1,511",2.1%,2.3%,"1,587",3.3%,-3.2%,"1,950",-2.3%,-20.3%,244,0,0,100.8%,0.0%,0.5%
,2016,$302K,1.4%,12.4%,"1,487",2.2%,16.2%,"1,656",1.9%,12.7%,"2,427",0.3%,-10.8%,247,0,-8,100.3%,0.0%,0.5%
,2015,$269K,0.6%,12.0%,"1,288",2.4%,19.0%,"1,447",1.8%,11.6%,"2,691",-1.7%,-9.9%,344,-2,-12,99.8%,0.1%,0.7%
,2014,$241K,-0.2%,9.2%,"1,096",5.4%,5.2%,"1,282",1.0%,2.1%,"2,994",-0.3%,-1.0%,484,-1,4,99.2%,0.0%,-0.8%
,2013,$222K,3.8%,21.3%,"1,049",1.1%,2.4%,"1,260",5.1%,9.6%,"3,034",0.9%,-11.4%,431,2,-13,100.0%,-0.1%,0.9%
,2012,$185K,1.2%,10.8%,951,1.8%,12.5%,"1,079",-1.0%,-9.6%,"3,142",-3.5%,-39.4%,520,-3,-26,99.0%,0.1%,1.4%
"Auburn, WA",2021,$486K,-0.6%,10.7%,186,-13.8%,13.0%,252,27.4%,-4.2%,109,8.9%,-54.1%,11,-1,-11,103.6%,1.2%,2.6%
,2020,$460K,2.0%,11.2%,"1,755",4.8%,8.0%,"1,823",6.3%,17.8%,"1,515",-5.6%,-29.3%,104,-1,-8,101.5%,0.2%,1.4%
,2019,$415K,0.6%,6.9%,"1,639",5.3%,-5.0%,"1,658",8.9%,-12.5%,"2,122",-3.1%,-7.7%,200,-3,-1,100.1%,0.1%,-0.6%
,2018,$388K,0.3%,8.6%,"1,756",-2.1%,-10.1%,"1,976",4.0%,-6.0%,"2,682",5.0%,3.2%,211,2,-2,100.8%,-0.1%,-0.2%
,2017,$358K,0.8%,9.6%,"1,962",0.5%,0.0%,"2,062",0.4%,-7.2%,"2,542",-1.6%,-20.2%,231,0,-1,100.9%,0.0%,0.8%
,2016,$327K,0.6%,8.9%,"2,019",4.0%,17.0%,"2,212",3.8%,17.4%,"3,145",-0.5%,-17.0%,246,-1,-10,100.2%,0.0%,0.4%
,2015,$301K,1.2%,10.9%,"1,744",2.7%,7.7%,"1,883",-0.2%,1.7%,"3,786",-3.1%,-18.6%,364,-1,-10,99.8%,0.0%,0.2%
,2014,$271K,-0.1%,6.1%,"1,620",3.0%,-2.7%,"1,824",3.8%,-2.9%,"4,660",-0.3%,7.5%,486,0,0,99.6%,0.1%,-0.1%
,2013,$256K,1.7%,18.3%,"1,665",3.1%,30.3%,"1,898",-1.1%,18.5%,"4,369",0.9%,-12.0%,491,0,-27,99.8%,0.0%,0.8%
,2012,$217K,1.2%,1.9%,"1,232",6.6%,27.6%,"1,521",3.4%,8.4%,"4,563",-3.1%,-27.6%,743,-2,-15,99.0%,0.1%,1.0%
"Newcastle, WA",2020,$940K,0.6%,16.0%,273,5.8%,42.8%,275,138.6%,63.5%,299,-3.6%,-39.6%,247,-5,-8,100.3%,0.3%,1.1%
,2017,$856K,3.3%,26.9%,272,22.0%,3.0%,273,4.2%,-3.3%,193,4.2%,-37.1%,166,0,-2,102.5%,0.2%,1.5%
,2021,$855K,-3.1%,-3.7%,22,-28.8%,-43.3%,32,51.8%,-26.5%,9,-12.5%,-78.1%,54,-2,-17,102.3%,1.4%,2.9%
,2019,$817K,1.5%,1.1%,229,18.2%,24.3%,276,14.1%,5.4%,495,-1.9%,112.5%,337,-1,8,99.2%,0.0%,-1.8%
,2018,$815K,0.4%,-4.1%,193,2.0%,-18.1%,255,121.1%,30.3%,347,21.2%,98.1%,238,6,6,101.1%,-0.4%,-1.5%
,2016,$683K,2.8%,7.5%,270,2.0%,4.4%,287,5.8%,5.1%,311,-0.8%,-31.4%,187,-2,-6,101.1%,0.2%,1.1%
,2015,$639K,0.8%,15.3%,260,0.3%,40.9%,283,14.3%,16.8%,443,-3.9%,-10.8%,260,0,-6,99.9%,0.0%,0.1%
,2014,$567K,3.8%,19.8%,210,10.1%,-14.2%,271,12.6%,1.9%,535,3.9%,10.6%,334,2,2,99.8%,0.0%,0.0%
,2013,$483K,0.2%,2.1%,271,7.0%,44.5%,273,5.7%,-2.6%,484,1.7%,-22.1%,315,-3,-14,99.8%,0.2%,2.1%
,2012,$473K,0.8%,-2.6%,226,17.8%,73.3%,263,-2.9%,37.9%,580,-3.4%,-22.6%,416,0,-50,98.0%,0.1%,0.9%
"Woodinville, WA",2021,$901K,-3.9%,10.1%,59,-31.1%,-15.4%,73,29.7%,19.3%,41,21.2%,-21.3%,11,0,-22,106.3%,2.0%,6.1%
,2020,$884K,1.8%,9.7%,641,3.1%,-5.5%,645,15.7%,5.5%,473,-2.2%,-58.7%,123,-3,-18,101.4%,0.4%,2.8%
,2018,$828K,1.4%,17.4%,694,1.2%,-6.6%,811,1.1%,4.0%,"1,094",7.6%,60.4%,202,2,5,100.6%,-0.2%,-1.5%
,2019,$812K,0.0%,-1.8%,696,6.4%,4.7%,723,14.1%,-11.4%,"1,136",-3.7%,12.4%,334,0,11,98.6%,0.1%,-2.0%
,2017,$707K,1.5%,9.5%,738,3.1%,14.7%,772,6.7%,2.8%,713,0.8%,-20.6%,145,-1,-4,102.1%,0.0%,1.2%
,2016,$647K,2.1%,16.5%,698,9.4%,-1.5%,769,12.0%,16.1%,891,0.3%,-17.7%,191,-1,-7,100.9%,0.1%,1.0%
,2015,$556K,1.2%,8.5%,714,1.5%,22.7%,730,3.8%,-5.9%,"1,091",-2.9%,-17.1%,278,-1,-1,99.9%,-0.1%,0.4%
,2014,$515K,0.2%,3.9%,617,7.4%,-5.3%,763,12.8%,10.0%,"1,357",2.2%,7.3%,292,0,0,99.5%,0.1%,-0.2%
,2013,$498K,2.3%,19.4%,651,5.2%,10.4%,737,7.0%,14.4%,"1,278",0.5%,-17.1%,295,0,-23,99.7%,0.0%,1.4%
,2012,$439K,5.6%,4.3%,570,9.3%,34.6%,594,-0.8%,4.8%,"1,420",-3.4%,-39.7%,468,-5,-30,98.3%,0.1%,1.5%
"Tacoma, WA",2021,$403K,0.3%,14.8%,676,-13.2%,16.0%,793,21.9%,11.8%,358,-0.8%,-40.5%,11,-1,-7,104.1%,1.2%,2.8%
,2020,$370K,1.7%,13.7%,"5,154",3.0%,-3.7%,"5,440",5.0%,2.5%,"4,297",-2.1%,-26.3%,86,-1,-6,102.1%,0.2%,1.4%
,2019,$325K,0.7%,8.3%,"5,366",2.2%,-3.6%,"5,573",5.2%,-6.9%,"5,966",-3.3%,-8.4%,163,0,-1,100.7%,0.0%,-0.6%
,2018,$300K,1.0%,13.7%,"5,588",-0.7%,-6.8%,"5,967",0.5%,-5.0%,"6,737",1.5%,-13.0%,172,-1,-3,101.3%,-0.1%,-0.5%
,2017,$264K,1.0%,13.0%,"6,034",1.0%,11.7%,"6,309",2.9%,4.0%,"7,710",-1.2%,-17.2%,203,-1,-5,101.7%,0.1%,1.3%
,2016,$234K,0.7%,11.8%,"5,427",1.9%,10.6%,"6,048",3.1%,9.2%,"9,289",-0.7%,-22.2%,266,0,-11,100.4%,0.0%,1.1%
,2015,$209K,1.6%,13.2%,"4,970",2.7%,13.7%,"5,525",2.2%,2.3%,"11,972",-3.0%,-19.5%,398,-2,-13,99.3%,0.1%,0.7%
,2014,$185K,0.7%,9.5%,"4,376",2.5%,8.2%,"5,390",0.8%,3.0%,"14,931",-0.8%,6.0%,549,0,6,98.6%,0.0%,-0.3%
,2013,$169K,0.9%,11.7%,"4,058",2.6%,19.5%,"5,194",3.6%,24.4%,"14,173",1.6%,-4.3%,482,0,-18,98.9%,0.1%,0.9%
,2012,$154K,1.6%,-0.4%,"3,163",3.5%,9.8%,"3,851",-2.6%,-12.2%,"13,570",-2.7%,-29.3%,610,-3,-17,98.1%,0.1%,0.9%
"Burien, WA",2021,$511K,1.3%,13.0%,82,-17.5%,29.3%,81,8.4%,9.5%,62,-25.2%,-11.6%,29,-5,-33,101.8%,1.3%,2.9%
,2020,$493K,0.4%,10.2%,619,5.1%,9.2%,699,24.0%,35.0%,718,1.7%,-25.5%,201,-2,-7,100.6%,0.0%,1.0%
,2019,$449K,2.0%,3.4%,612,1.4%,-7.9%,643,5.1%,-19.8%,971,-3.1%,8.5%,281,0,7,99.6%,0.1%,-1.6%
,2018,$438K,0.2%,10.8%,658,2.8%,-11.9%,765,5.5%,-1.3%,"1,001",6.0%,31.9%,194,2,4,101.3%,-0.3%,-1.1%
,2017,$397K,1.8%,13.4%,763,1.6%,9.1%,775,2.2%,0.3%,751,-1.1%,-31.9%,150,-1,-3,102.3%,0.1%,1.0%
,2016,$351K,0.9%,20.7%,711,3.9%,6.1%,779,1.6%,3.0%,"1,103",-1.5%,-11.7%,189,-1,-6,101.3%,0.0%,1.1%
,2015,$293K,1.8%,12.4%,684,5.7%,14.2%,754,4.4%,13.1%,"1,239",-1.3%,-23.6%,255,0,-17,100.2%,0.0%,1.6%
,2014,$261K,1.9%,12.3%,607,2.7%,1.3%,680,5.9%,-9.6%,"1,626",-2.5%,-9.6%,454,1,8,98.6%,0.1%,-0.5%
,2013,$235K,0.7%,16.9%,610,-1.5%,8.6%,763,0.7%,18.6%,"1,842",1.6%,-1.2%,358,0,-28,99.2%,0.0%,1.3%
,2012,$207K,4.6%,12.2%,537,7.2%,40.5%,607,3.3%,-8.0%,"1,721",-3.3%,-38.4%,606,-5,-27,98.0%,0.0%,1.5%
"Mill Creek, WA",2021,$709K,2.6%,26.7%,30,-38.1%,-39.3%,45,41.7%,-38.5%,14,125.0%,-61.1%,11,1,-16,103.6%,-0.4%,3.9%
,2020,$631K,0.7%,10.0%,455,7.7%,24.4%,450,15.4%,29.9%,254,-7.8%,-46.6%,116,-1,-12,101.2%,0.4%,1.6%
,2018,$582K,0.8%,8.7%,389,3.1%,-4.7%,428,10.0%,-0.2%,395,17.8%,35.0%,147,1,3,101.2%,-0.1%,-0.2%
,2019,$575K,0.9%,-1.0%,393,9.2%,0.6%,415,8.9%,-5.5%,479,-2.3%,59.9%,259,0,9,99.6%,0.0%,-1.7%
,2017,$539K,2.2%,18.2%,444,4.0%,11.3%,471,11.8%,16.5%,335,3.7%,-1.2%,117,0,-9,101.4%,0.1%,0.9%
,2016,$457K,1.4%,18.2%,398,-1.8%,-16.7%,389,6.0%,-19.4%,330,-5.8%,-56.3%,219,-2,-8,100.5%,0.1%,1.2%
,2015,$388K,1.6%,3.3%,513,8.1%,32.5%,538,1.9%,18.7%,755,-3.7%,-17.1%,319,-2,-8,99.4%,0.0%,0.2%
,2014,$377K,-0.1%,1.7%,390,7.3%,14.1%,462,7.1%,7.8%,924,-0.4%,33.9%,412,2,12,99.2%,0.1%,-0.5%
,2013,$371K,1.7%,14.3%,351,1.5%,14.2%,435,9.3%,32.5%,733,5.3%,4.5%,268,1,-20,99.6%,0.0%,1.4%
,2012,$329K,0.3%,0.5%,325,17.8%,30.9%,312,-2.0%,-3.2%,703,-5.9%,-41.3%,485,0,-31,98.2%,0.1%,0.7%
"Tukwila, WA",2020,$446K,1.7%,8.5%,253,4.4%,16.2%,280,13.1%,11.5%,275,1.7%,-25.3%,169,-2,-7,101.4%,0.1%,1.5%
,2021,$430K,-0.1%,5.9%,30,-4.3%,2.6%,35,-10.4%,75.0%,28,-15.4%,-1.8%,31,2,-33,100.4%,-0.1%,1.3%
,2019,$413K,1.1%,13.1%,228,7.8%,-22.2%,251,4.6%,-22.7%,371,-3.0%,-19.8%,249,-2,0,99.9%,0.0%,-1.7%
,2018,$374K,0.9%,15.9%,298,2.3%,11.0%,340,4.8%,9.2%,503,4.7%,13.9%,254,3,6,101.6%,0.1%,0.7%
,2017,$328K,2.9%,13.2%,286,8.9%,6.1%,313,5.7%,-0.7%,437,0.4%,-6.2%,182,-1,0,100.9%,0.0%,-0.1%
,2016,$294K,2.7%,19.7%,286,6.4%,39.5%,329,8.9%,33.1%,475,1.3%,-6.9%,187,-1,-14,100.9%,0.0%,1.2%
,2015,$254K,7.1%,28.8%,214,13.2%,6.4%,252,5.0%,-3.8%,516,-2.4%,-22.1%,353,0,-5,99.7%,-0.1%,1.3%
,2014,$200K,4.1%,4.7%,229,11.7%,-4.3%,265,2.6%,-7.9%,665,-2.5%,-15.6%,409,-2,-9,98.5%,0.0%,-1.7%
,2013,$194K,7.0%,54.2%,249,10.2%,47.0%,302,8.0%,26.9%,827,2.5%,12.3%,521,4,-22,100.2%,0.1%,3.1%
,2012,$148K,15.4%,-6.3%,174,13.6%,13.4%,238,9.5%,10.2%,682,0.5%,-35.4%,684,-7,-15,97.3%,0.4%,1.4%
"Monroe, WA",2021,$635K,11.9%,20.6%,60,-8.1%,4.7%,84,23.3%,27.7%,57,-3.2%,-9.8%,12,-2,-37,103.2%,1.2%,4.1%
,2020,$518K,0.0%,2.9%,530,9.1%,-6.8%,560,3.7%,-0.7%,480,-1.8%,-47.9%,175,-3,-9,100.8%,0.2%,0.7%
,2019,$505K,0.7%,6.6%,592,6.1%,25.7%,609,11.5%,13.4%,934,-1.6%,33.3%,288,1,7,100.1%,0.0%,-0.4%
,2018,$476K,1.3%,9.8%,479,-1.6%,-29.3%,556,4.7%,-13.8%,781,7.4%,-1.2%,206,0,-5,100.4%,-0.1%,0.0%
,2017,$436K,1.7%,19.3%,694,5.1%,30.4%,665,0.9%,5.6%,835,-5.7%,-15.9%,271,1,2,100.4%,-0.1%,0.5%
,2016,$368K,2.4%,17.2%,536,1.7%,21.8%,638,5.8%,19.1%,"1,032",3.5%,-4.1%,249,-1,-3,100.0%,0.1%,0.6%
,2015,$315K,1.2%,6.1%,453,9.6%,24.0%,547,9.4%,27.8%,"1,091",0.1%,9.0%,281,-1,-16,99.4%,0.0%,0.1%
,2014,$297K,-0.3%,17.4%,375,0.1%,3.3%,437,4.9%,-0.9%,"1,013",-1.4%,10.9%,474,-3,13,99.3%,0.1%,-1.0%
,2013,$254K,3.8%,19.1%,377,7.0%,40.0%,460,11.6%,67.2%,991,3.5%,6.8%,319,4,-31,100.3%,-0.1%,1.1%
,2012,$216K,0.6%,0.7%,266,4.0%,8.4%,290,6.0%,-22.5%,880,-3.5%,-47.0%,659,0,-12,99.2%,0.1%,1.2%
"Des Moines, WA",2021,$527K,6.4%,12.8%,75,-12.7%,32.1%,57,9.3%,-37.5%,26,-28.0%,-68.3%,28,-2,-32,102.8%,2.0%,4.1%
,2020,$452K,1.0%,10.1%,589,11.1%,30.8%,621,13.5%,38.6%,596,-3.5%,-27.9%,193,-1,-6,100.4%,0.1%,0.8%
,2019,$412K,0.7%,2.7%,474,2.2%,0.0%,488,4.8%,-13.2%,833,-1.1%,5.7%,268,-2,0,99.7%,0.0%,-1.4%
,2018,$402K,0.1%,13.5%,481,2.9%,-11.0%,570,10.7%,4.7%,919,7.9%,35.3%,272,3,6,101.0%,-0.1%,0.0%
,2017,$359K,4.0%,14.2%,547,2.2%,11.6%,578,2.4%,-1.2%,682,-4.5%,-24.2%,196,-1,-1,101.0%,0.0%,0.6%
,2016,$315K,0.9%,16.2%,502,2.4%,7.3%,579,5.3%,16.9%,911,4.3%,1.7%,208,1,-15,100.4%,0.0%,1.2%
,2015,$273K,1.4%,11.5%,481,6.4%,11.9%,504,3.9%,-5.7%,941,-5.3%,-24.1%,382,-2,3,99.2%,0.0%,0.2%
,2014,$246K,1.4%,17.9%,445,9.8%,10.4%,552,7.1%,16.7%,"1,277",1.4%,2.4%,349,-3,-7,99.0%,0.0%,-0.4%
,2013,$210K,1.9%,23.0%,414,6.4%,20.1%,502,3.0%,17.4%,"1,277",1.7%,-1.2%,432,2,-29,99.4%,0.1%,1.6%
,2012,$173K,2.7%,-0.4%,336,13.6%,26.6%,387,-0.4%,-6.2%,"1,189",-4.1%,-35.6%,693,-3,-14,98.0%,0.2%,1.7%
"Carnation, WA",2021,"$1,010K",28.9%,33.4%,11,-36.9%,-47.3%,19,35.4%,12.1%,9,62.5%,-52.3%,17,2,-53,102.2%,-2.2%,3.5%
,2020,$755K,2.5%,14.4%,161,6.4%,57.4%,151,8.1%,29.6%,116,-8.2%,-64.3%,231,-2,-24,101.2%,0.8%,2.2%
,2018,$695K,-0.9%,8.3%,129,12.7%,-18.4%,149,21.3%,0.2%,262,7.7%,-4.4%,259,4,-3,100.5%,-0.1%,-0.6%
,2019,$668K,2.0%,-3.7%,114,11.8%,-4.4%,131,93.4%,26.6%,315,-4.4%,54.8%,515,-2,21,99.0%,0.0%,-1.5%
,2017,$645K,1.2%,16.0%,168,8.4%,22.7%,162,5.7%,-12.7%,278,-3.2%,-22.1%,297,-2,-13,101.0%,-0.1%,1.2%
,2016,$567K,3.7%,25.4%,155,3.2%,45.3%,194,3.8%,47.7%,368,2.6%,22.0%,451,-4,-7,99.9%,0.4%,1.5%
,2015,$461K,4.0%,7.8%,119,17.3%,8.5%,135,32.5%,31.2%,304,3.4%,-4.9%,532,4,8,98.4%,-0.5%,-1.4%
,2014,$431K,3.5%,13.0%,122,19.7%,33.6%,135,11.8%,3.2%,325,-0.8%,-10.5%,439,1,-2,99.7%,0.2%,0.6%
,2013,$391K,4.4%,18.8%,103,27.8%,44.9%,136,102.3%,44.8%,368,2.5%,-15.9%,468,-3,-47,99.1%,0.1%,0.6%
,2012,$363K,9.3%,18.6%,91,44.2%,72.8%,104,-3.1%,19.2%,414,-2.8%,-28.2%,769,-19,-28,98.3%,-0.2%,2.4%
"Poulsbo, WA",2021,$528K,4.6%,14.7%,40,-12.1%,-26.6%,48,4.5%,1.6%,23,-7.4%,-63.1%,10,-1,-26,102.9%,1.1%,3.0%
,2020,$481K,0.3%,6.6%,503,7.0%,-4.8%,492,15.2%,-4.5%,329,-7.5%,-59.5%,126,-2,-8,100.9%,0.1%,1.1%
,2019,$452K,0.6%,4.4%,556,5.5%,-4.4%,576,2.6%,-1.9%,823,-2.4%,-4.7%,223,0,-2,99.9%,-0.1%,-1.6%
,2018,$434K,2.8%,12.9%,579,1.9%,-2.8%,582,-0.2%,-7.5%,876,2.2%,-2.8%,244,0,-3,101.4%,0.0%,1.5%
,2017,$386K,0.0%,13.1%,604,-0.3%,-7.2%,629,5.2%,-13.5%,909,-3.6%,-27.2%,281,1,1,100.0%,0.1%,0.1%
,2016,$343K,0.2%,1.3%,660,6.5%,16.9%,758,9.8%,25.9%,"1,276",2.0%,-7.5%,275,-3,-25,99.9%,0.0%,0.1%
,2015,$339K,3.2%,16.8%,583,4.4%,13.7%,620,3.1%,3.6%,"1,406",-3.1%,-29.7%,578,-3,-21,99.8%,0.1%,1.3%
,2014,$291K,-0.6%,0.5%,512,2.7%,11.8%,609,8.5%,-1.0%,"2,000",-2.6%,-8.8%,834,3,21,98.4%,0.0%,-0.4%
,2013,$291K,0.1%,3.9%,460,3.4%,32.0%,628,9.2%,18.6%,"2,210",1.8%,5.5%,582,0,-27,98.9%,0.0%,0.9%
,2012,$283K,1.8%,-1.4%,370,20.6%,35.5%,506,-0.4%,13.6%,"1,937",-0.5%,-13.5%,818,-4,-13,97.7%,-0.2%,0.2%
"Bellingham, WA - York",2021,$526K,5.9%,7.2%,9,-4.2%,75.0%,3,25.0%,0.0%,,,,94,-3,41,103.4%,3.3%,3.3%
,2020,$453K,0.9%,9.5%,65,8.1%,34.8%,69,15.5%,76.7%,29,15.2%,40.7%,109,1,-14,100.7%,0.0%,1.8%
,2019,$420K,1.4%,7.1%,56,22.5%,3.3%,59,15.1%,56.5%,25,-8.2%,44.5%,279,0,7,98.8%,-0.2%,-2.9%
,2018,$394K,1.8%,15.4%,77,29.0%,8.6%,86,75.2%,25.4%,31,32.8%,101.5%,195,0,10,101.8%,0.1%,0.0%
,2017,$343K,2.8%,26.2%,73,11.6%,18.4%,82,5.4%,26.2%,16,-1.7%,10.0%,75,-2,-11,101.8%,0.1%,2.6%
,2015,$277K,2.7%,15.4%,76,31.5%,52.4%,94,16.9%,59.6%,43,36.9%,-20.7%,214,-5,-72,98.9%,0.1%,0.9%
,2016,$273K,-0.6%,0.2%,71,4.1%,47.3%,78,12.4%,17.1%,15,-8.3%,-25.0%,202,2,-1,99.2%,-0.1%,0.3%
,2014,$241K,-1.6%,5.8%,62,26.8%,84.9%,67,20.4%,13.3%,61,-6.6%,76.0%,"1,077",4,43,98.0%,0.5%,-0.6%
,2013,$236K,5.0%,6.2%,65,14.0%,118.6%,81,15.4%,3.8%,71,18.5%,12.8%,564,0,-1,98.6%,-0.4%,0.2%
,2012,$226K,1.0%,-3.9%,48,31.6%,20.3%,70,6.3%,22.4%,64,1.7%,-24.9%,471,-8,-101,99.1%,0.6%,3.7%
"Bremerton, WA",2021,$380K,0.0%,9.8%,206,-13.5%,26.5%,198,-1.3%,-16.9%,99,-31.3%,-60.6%,12,-1,-14,102.8%,0.5%,2.4%
,2020,$364K,1.0%,12.6%,"1,569",5.4%,-2.8%,"1,728",8.5%,16.0%,"1,585",-1.7%,-14.1%,108,-1,-5,101.4%,0.1%,0.6%
,2019,$324K,1.3%,8.3%,"1,614",2.0%,1.9%,"1,618",5.4%,-5.0%,"1,866",-1.9%,-5.0%,167,-2,-3,100.8%,0.1%,-0.1%
,2018,$299K,0.9%,11.2%,"1,589",-0.6%,-8.5%,"1,732",5.7%,-2.5%,"2,167",4.1%,-9.8%,199,2,-3,100.9%,0.0%,0.5%
,2017,$269K,1.3%,14.3%,"1,756",2.1%,15.7%,"1,779",2.8%,2.8%,"2,411",-3.2%,-11.0%,229,-1,-4,100.4%,0.0%,0.1%
,2016,$236K,0.6%,15.5%,"1,552",3.8%,13.2%,"1,755",3.3%,15.0%,"2,726",-0.6%,-21.4%,276,1,-15,100.2%,0.0%,1.2%
,2015,$205K,1.1%,10.3%,"1,379",4.3%,17.3%,"1,514",2.4%,11.9%,"3,467",-2.0%,-25.9%,459,-4,-24,99.1%,0.1%,0.9%
,2014,$186K,2.1%,4.7%,"1,185",3.3%,10.3%,"1,397",3.2%,-5.4%,"4,683",-2.1%,-12.9%,750,2,-3,98.2%,-0.2%,-0.4%
,2012,$180K,2.6%,2.5%,789,5.7%,11.8%,"1,165",-3.6%,0.4%,"4,919",0.9%,1.9%,734,-1,0,97.1%,0.1%,-0.4%
,2013,$179K,-0.2%,2.1%,"1,092",2.2%,30.6%,"1,470",5.3%,17.6%,"5,377",-0.1%,1.5%,787,-3,-3,98.6%,0.2%,1.5%
"Silverdale, WA",2021,$476K,-0.6%,8.7%,35,-24.7%,-22.9%,50,8.1%,7.7%,36,16.7%,7.1%,22,-6,-6,101.4%,-0.5%,1.0%
,2020,$447K,0.7%,7.9%,334,-1.8%,-1.9%,359,11.9%,8.9%,270,4.0%,-32.9%,96,0,-13,101.7%,0.1%,1.1%
,2019,$417K,1.2%,13.7%,350,10.3%,2.8%,357,16.3%,1.2%,429,-2.0%,-16.2%,257,-1,3,100.7%,0.2%,0.6%
,2018,$368K,2.0%,5.4%,373,1.2%,0.4%,406,1.1%,7.2%,547,3.8%,-5.1%,219,1,-5,100.1%,-0.1%,0.0%
,2017,$350K,0.5%,9.9%,380,2.0%,12.4%,379,6.2%,-9.1%,581,1.3%,-21.7%,275,-1,5,100.1%,0.0%,0.6%
,2016,$320K,1.0%,17.0%,364,15.3%,34.9%,432,4.5%,35.7%,729,1.2%,12.5%,214,-2,-34,99.5%,0.1%,0.4%
,2014,$279K,1.0%,7.2%,279,6.9%,17.4%,304,0.0%,-6.8%,"1,022",-3.9%,-20.4%,854,-7,-10,98.4%,-0.1%,-0.3%
,2015,$276K,1.5%,-0.7%,277,6.2%,0.2%,325,16.0%,19.7%,652,0.0%,-34.8%,627,-2,-19,99.1%,0.0%,0.7%
,2013,$260K,1.5%,8.1%,248,5.3%,36.7%,320,8.5%,16.4%,"1,285",-0.4%,24.3%,974,7,28,98.8%,0.0%,1.0%
,2012,$247K,2.4%,-6.7%,171,9.9%,14.0%,279,1.8%,20.3%,"1,003",4.2%,-1.4%,604,3,-14,97.7%,0.0%,0.1%
"DuPont, WA",2021,$447K,2.1%,24.2%,18,-16.4%,-39.3%,27,47.5%,-6.8%,4,,0.0%,8,-2,0,102.3%,0.5%,1.3%
,2020,$400K,1.7%,12.4%,238,9.1%,-2.4%,219,-4.5%,-10.8%,81,2.1%,-19.0%,47,-1,-6,101.6%,0.2%,1.2%
,2019,$356K,3.0%,8.1%,265,10.9%,-2.3%,279,33.4%,4.4%,116,18.1%,-25.2%,122,0,1,100.4%,0.1%,0.2%
,2018,$331K,1.2%,10.5%,299,11.2%,15.8%,308,10.4%,17.1%,183,12.3%,-8.3%,114,-1,-5,100.2%,-0.1%,-0.2%
,2016,$300K,1.7%,7.6%,209,4.4%,33.0%,226,5.6%,29.5%,268,-1.6%,-35.1%,260,0,-39,99.6%,0.2%,1.4%
,2017,$300K,-1.2%,0.2%,266,1.3%,25.9%,275,16.4%,23.8%,206,4.4%,-24.3%,174,-1,-7,100.3%,0.1%,0.8%
,2013,$284K,1.0%,7.1%,147,15.4%,60.6%,205,6.4%,66.4%,514,3.7%,34.4%,500,6,-2,98.3%,0.0%,0.1%
,2015,$281K,1.7%,6.9%,171,25.1%,41.7%,183,7.0%,-6.8%,409,-5.3%,-33.6%,723,-5,12,98.2%,0.0%,-0.2%
,2012,$266K,-0.8%,-4.7%,93,9.4%,-29.7%,122,13.4%,-23.6%,349,-3.6%,-30.9%,462,-5,-17,98.4%,0.3%,-0.4%
,2014,$265K,1.7%,-5.7%,135,11.2%,7.4%,229,20.7%,9.9%,664,4.6%,29.5%,580,1,7,98.4%,0.0%,0.1%
"Vancouver, WA",2021,$404K,2.2%,11.4%,740,-5.6%,7.2%,858,19.9%,6.1%,420,-14.7%,-58.3%,17,-1,-21,101.1%,0.3%,1.6%
,2020,$379K,0.9%,8.7%,"5,587",2.7%,4.1%,"5,719",6.9%,3.1%,"5,833",-5.6%,-42.0%,157,-2,-14,100.4%,0.1%,0.9%
,2019,$349K,0.4%,4.1%,"5,407",1.0%,-2.6%,"5,767",4.1%,-6.0%,"10,007",-3.0%,8.5%,320,0,6,99.5%,0.0%,-0.3%
,2018,$335K,0.7%,8.9%,"5,542",0.0%,-4.1%,"6,155",3.2%,3.6%,"9,880",4.2%,27.9%,247,1,3,99.8%,0.0%,-0.1%
,2017,$308K,0.8%,11.8%,"5,828",-0.5%,-0.1%,"5,969",2.5%,-3.7%,"7,642",-0.5%,-12.5%,211,-1,-2,100.0%,0.0%,0.0%
,2016,$275K,0.8%,10.0%,"5,877",3.0%,5.5%,"6,196",2.1%,6.3%,"8,727",0.0%,-15.3%,240,0,-13,100.0%,0.0%,0.5%
,2015,$250K,0.8%,8.9%,"5,626",3.8%,20.5%,"5,834",3.6%,13.8%,"10,323",-2.8%,-24.0%,395,-3,-17,99.5%,0.1%,0.6%
,2014,$230K,0.9%,10.1%,"4,699",2.6%,9.8%,"5,161",3.3%,8.1%,"13,577",-1.0%,3.6%,595,1,-1,98.9%,0.0%,-0.3%
,2013,$209K,0.7%,16.8%,"4,307",2.4%,18.8%,"4,748",3.8%,29.4%,"13,159",1.5%,3.3%,601,0,-25,99.2%,0.0%,1.1%
,2012,$181K,2.0%,6.9%,"3,377",3.1%,7.5%,"3,366",-2.4%,-3.8%,"11,664",-1.9%,-26.9%,810,-2,-15,98.1%,0.1%,0.8%
"Mount Vernon, WA",2021,$441K,1.2%,14.3%,105,-9.3%,18.3%,123,14.1%,7.4%,69,-13.7%,-62.1%,19,-2,-12,101.8%,0.8%,1.5%
,2020,$416K,1.7%,14.4%,837,5.7%,5.9%,839,6.7%,1.5%,949,-5.6%,-30.7%,181,-1,-6,100.7%,0.2%,1.0%
,2019,$364K,1.0%,6.2%,822,4.0%,6.4%,883,7.7%,2.5%,"1,390",-1.6%,-1.3%,257,0,1,99.8%,0.0%,-0.4%
,2018,$343K,0.5%,9.7%,768,-0.8%,-17.6%,874,9.6%,-3.6%,"1,436",2.1%,-5.2%,245,0,-1,100.1%,0.0%,-0.1%
,2017,$313K,0.3%,9.8%,947,3.1%,10.7%,950,-0.2%,-3.1%,"1,530",-1.5%,-22.3%,251,0,-11,100.2%,0.0%,0.6%
,2016,$286K,1.5%,12.9%,881,2.7%,16.3%,"1,012",10.1%,21.2%,"1,977",0.0%,-8.3%,382,-2,-14,99.6%,0.0%,0.1%
,2015,$255K,0.6%,9.6%,763,7.0%,11.7%,865,4.7%,0.4%,"2,157",-2.7%,-30.7%,553,-1,-13,99.4%,-0.1%,0.7%
,2014,$233K,1.6%,3.7%,687,1.0%,1.9%,884,6.3%,-2.1%,"3,130",-0.8%,3.4%,704,-3,0,98.8%,0.2%,0.0%
,2013,$226K,1.0%,12.5%,680,5.6%,43.6%,909,11.4%,37.3%,"3,047",1.8%,6.0%,703,-1,-26,98.7%,-0.1%,1.1%
,2012,$205K,2.5%,8.4%,483,14.5%,32.8%,651,-2.0%,5.9%,"2,661",-1.4%,-15.7%,852,-4,-28,97.8%,0.2%,1.2%
"Tumwater, WA",2021,$400K,1.8%,9.9%,67,-23.0%,64.5%,72,13.3%,4.9%,22,-15.6%,-50.9%,8,-1,-18,103.3%,0.9%,3.1%
,2020,$378K,0.9%,10.4%,529,9.7%,15.6%,601,8.6%,51.4%,275,-2.1%,-45.9%,107,-2,-13,101.0%,0.1%,1.5%
,2019,$343K,0.4%,5.3%,467,6.0%,12.2%,458,16.1%,-0.8%,539,-3.6%,-32.9%,265,-2,-2,99.5%,0.2%,-0.5%
,2018,$326K,0.8%,9.1%,431,4.9%,-1.8%,473,1.5%,-3.1%,814,1.6%,25.2%,291,2,2,100.0%,0.0%,-0.3%
,2017,$299K,1.0%,12.7%,457,3.2%,14.8%,505,9.0%,12.9%,663,1.8%,-19.2%,265,-2,-3,100.3%,0.0%,0.9%
,2016,$266K,0.5%,1.4%,409,6.6%,12.2%,465,18.3%,15.2%,833,-0.2%,-13.9%,305,2,-16,99.4%,-0.1%,0.3%
,2015,$263K,0.6%,8.9%,404,10.0%,41.7%,418,-1.2%,-12.4%,"1,013",-4.4%,-25.7%,499,-3,-14,99.1%,0.1%,0.5%
,2014,$242K,1.8%,8.6%,332,18.1%,-6.5%,477,5.5%,20.4%,"1,411",1.9%,22.2%,669,-2,-8,98.6%,-0.1%,0.1%
,2013,$223K,1.0%,0.6%,359,0.2%,16.6%,410,7.0%,3.4%,"1,156",-0.4%,-23.2%,759,0,-13,98.5%,0.0%,0.1%
,2012,$222K,-0.4%,0.6%,301,12.7%,29.6%,381,-3.1%,8.7%,"1,389",-2.0%,-5.5%,807,-1,-17,98.5%,0.1%,1.1%
"Mukilteo, WA",2021,$703K,5.0%,22.3%,45,-0.7%,31.8%,47,11.1%,-7.4%,15,-11.8%,-77.3%,14,-1,-10,104.3%,2.3%,4.4%
,2020,$638K,0.3%,4.3%,381,7.5%,21.0%,391,46.2%,43.6%,362,-3.8%,-42.0%,112,-3,-26,100.5%,0.4%,1.4%
,2019,$615K,2.5%,8.0%,332,9.2%,-0.1%,366,7.4%,-7.0%,642,-2.6%,39.1%,426,1,16,99.1%,-0.1%,-1.2%
,2018,$573K,1.2%,10.2%,329,2.2%,-15.7%,398,25.0%,4.6%,592,13.4%,14.1%,240,1,-2,100.3%,-0.1%,0.4%
,2017,$521K,1.5%,13.3%,400,4.4%,4.6%,417,10.5%,-5.5%,544,-0.8%,-18.0%,268,-1,-2,99.9%,0.0%,0.2%
,2016,$462K,0.3%,4.2%,392,6.7%,-2.9%,438,-1.0%,4.5%,669,0.8%,-19.3%,292,-1,-11,99.7%,0.0%,0.7%
,2015,$445K,1.5%,7.2%,427,4.0%,29.8%,435,11.6%,4.7%,834,-4.7%,-26.5%,423,0,-6,99.0%,0.1%,0.6%
,2013,$426K,1.2%,16.3%,347,6.3%,21.6%,479,6.9%,50.4%,"1,048",6.3%,27.0%,356,0,-31,99.2%,-0.1%,1.2%
,2014,$419K,1.4%,0.0%,333,3.4%,1.7%,421,6.4%,-9.0%,"1,143",-1.2%,16.1%,500,0,12,98.5%,0.2%,-0.7%
,2012,$370K,2.1%,10.1%,270,2.4%,2.3%,300,-0.3%,-8.4%,772,-4.6%,-47.5%,642,-5,-3,98.1%,0.2%,1.1%
"Gold Bar, WA",2021,$419K,5.7%,23.9%,8,-10.0%,-8.3%,12,95.0%,56.8%,8,-16.7%,-33.3%,47,-22,-22,103.9%,3.5%,6.0%
,2020,$371K,3.0%,13.5%,90,23.5%,37.8%,92,26.5%,47.6%,85,3.1%,-38.1%,247,4,-22,100.3%,0.0%,0.6%
,2019,$328K,0.7%,5.8%,82,26.8%,31.8%,79,23.9%,-10.5%,142,0.3%,-12.2%,506,-2,16,99.7%,0.3%,-0.9%
,2018,$311K,2.3%,13.7%,79,31.3%,-24.8%,109,22.4%,11.7%,196,11.3%,32.9%,309,0,3,100.6%,-0.4%,0.8%
,2017,$276K,1.4%,18.0%,108,14.7%,13.7%,110,12.8%,8.0%,156,1.6%,-24.9%,278,-1,-11,99.8%,0.5%,-0.4%
,2016,$236K,2.0%,22.6%,98,17.3%,89.7%,106,28.7%,38.9%,198,0.2%,-9.8%,338,-2,2,100.2%,-0.3%,1.3%
,2015,$205K,6.3%,12.5%,76,15.9%,105.1%,93,44.5%,50.9%,236,2.7%,-13.2%,388,-2,-30,99.0%,-0.1%,1.6%
,2014,$184K,3.9%,15.8%,74,41.9%,36.7%,86,-1.5%,85.5%,289,1.5%,19.7%,752,2,0,97.4%,0.0%,0.0%
,2013,$161K,7.6%,37.4%,58,0.9%,21.8%,82,78.7%,28.4%,254,4.3%,9.7%,751,-1,-7,97.4%,0.3%,-0.7%
,2012,$124K,2.5%,13.8%,42,0.2%,37.7%,60,14.3%,22.9%,200,-2.2%,-33.1%,612,-13,-44,98.4%,-0.3%,1.9%
"Mercer Island, WA",2021,"$1,791K",-13.6%,53.5%,33,-2.8%,-2.4%,66,58.1%,16.7%,37,-0.7%,-46.9%,16,-7,-44,103.3%,2.2%,4.4%
,2018,"$1,591K",4.7%,12.9%,354,1.3%,-8.9%,461,13.5%,9.3%,781,7.9%,17.2%,186,-1,-2,100.8%,0.0%,-0.1%
,2020,"$1,551K",5.2%,4.6%,388,15.4%,16.9%,419,54.0%,44.8%,542,-2.6%,-46.5%,242,-1,-11,100.1%,0.1%,1.7%
,2019,"$1,506K",-2.9%,-4.0%,351,9.0%,4.9%,402,1.0%,-13.2%,"1,004",-2.7%,38.4%,371,1,15,98.3%,0.0%,-2.4%
,2017,"$1,431K",2.6%,18.6%,403,8.3%,20.2%,447,7.4%,10.8%,697,-2.2%,6.7%,214,-3,-5,100.8%,-0.1%,0.4%
,2016,"$1,212K",3.2%,11.7%,356,6.8%,-2.9%,450,25.4%,16.5%,736,5.6%,13.4%,270,2,8,100.4%,0.2%,1.0%
,2015,"$1,091K",0.9%,8.9%,384,5.2%,-0.6%,410,5.0%,-7.7%,661,-2.2%,-23.1%,176,1,-7,99.4%,0.0%,1.2%
,2014,"$1,029K",2.5%,13.2%,387,2.6%,-4.1%,446,10.3%,-5.7%,881,-1.4%,-22.6%,264,0,-7,98.2%,-0.1%,-0.1%
,2013,$919K,2.5%,18.4%,404,3.4%,23.1%,488,12.8%,16.7%,"1,146",1.4%,0.1%,344,-6,-21,98.3%,0.3%,2.0%
,2012,$806K,4.2%,7.2%,326,12.7%,16.6%,393,-2.6%,11.0%,"1,060",-2.2%,-25.3%,509,0,-20,96.3%,-0.1%,0.7%
"Lakewood, WA",2021,$410K,4.8%,20.8%,109,-12.5%,33.9%,118,12.5%,-4.4%,64,-2.8%,-47.6%,13,-1,-14,102.8%,0.3%,2.8%
,2020,$367K,1.0%,11.8%,734,4.8%,-6.7%,804,8.2%,7.2%,692,-2.5%,-33.5%,112,-1,-9,101.3%,0.2%,1.0%
,2019,$329K,1.5%,9.1%,805,3.2%,-1.6%,798,1.6%,-11.7%,"1,044",-4.3%,-21.7%,223,-1,-4,100.3%,0.0%,0.1%
,2018,$302K,0.6%,9.4%,824,1.1%,3.7%,920,1.4%,2.3%,"1,431",1.9%,-7.4%,270,0,-3,100.2%,0.0%,-0.9%
,2017,$277K,1.2%,16.0%,825,4.8%,12.3%,905,1.7%,8.3%,"1,535",-0.1%,-12.8%,309,1,-9,101.1%,0.2%,1.6%
,2016,$239K,0.4%,9.6%,737,5.0%,9.3%,839,6.3%,4.1%,"1,755",-1.5%,-21.6%,412,-1,-7,99.5%,-0.1%,1.2%
,2015,$220K,2.8%,10.4%,686,4.0%,24.3%,820,3.8%,13.7%,"2,229",-0.1%,0.2%,495,-1,-6,98.3%,0.2%,0.6%
,2014,$200K,-0.8%,1.4%,562,4.4%,13.0%,734,4.0%,14.6%,"2,238",0.5%,9.6%,572,-1,-7,97.7%,-0.1%,0.1%
,2013,$198K,1.5%,14.7%,503,1.2%,13.3%,647,8.0%,12.9%,"2,040",0.1%,-14.7%,651,1,-14,97.6%,0.1%,1.0%
,2012,$182K,8.4%,4.8%,429,12.0%,20.3%,560,1.2%,-5.6%,"2,192",-1.9%,-21.9%,718,-4,-17,96.5%,0.0%,0.6%
"Burlington, WA",2021,$426K,2.3%,22.5%,24,-18.0%,-13.5%,26,30.0%,-30.6%,10,41.7%,-85.2%,9,-1,-18,100.6%,-1.0%,0.7%
,2020,$378K,1.3%,6.7%,248,9.5%,11.9%,230,-0.3%,1.4%,262,-6.8%,-34.3%,173,-5,-14,100.9%,0.3%,1.5%
,2019,$356K,-0.1%,8.6%,235,12.4%,20.8%,251,12.5%,10.4%,421,-1.9%,24.9%,335,0,7,99.4%,0.0%,-1.1%
,2018,$329K,3.4%,18.9%,208,0.1%,5.7%,232,3.1%,2.1%,355,6.0%,4.2%,246,3,-2,100.5%,0.0%,0.7%
,2017,$278K,2.7%,15.1%,201,2.5%,-0.3%,239,10.4%,10.3%,352,1.6%,-14.1%,271,-2,-8,99.8%,0.1%,-0.2%
,2016,$244K,-1.1%,5.8%,216,7.2%,16.7%,233,6.8%,6.1%,413,-3.2%,-16.7%,365,1,-4,100.0%,0.1%,1.5%
,2015,$234K,2.6%,18.0%,191,1.5%,36.8%,221,7.3%,7.6%,497,0.4%,-20.4%,417,-1,-10,98.5%,0.0%,-0.4%
,2014,$200K,1.4%,8.4%,163,12.7%,2.9%,207,6.1%,-3.4%,630,-1.7%,-2.7%,538,-1,-7,98.9%,0.0%,1.3%
,2013,$187K,4.6%,10.1%,163,9.2%,73.8%,224,18.0%,33.7%,674,4.2%,-6.3%,625,-1,-20,97.6%,0.0%,0.2%
,2012,$179K,3.1%,-0.6%,122,68.8%,13.7%,157,-5.5%,1.4%,672,-5.0%,-25.2%,683,-10,-43,97.2%,-0.2%,2.1%
"Olympia, WA",2021,$428K,3.1%,19.6%,274,-15.3%,-0.9%,293,4.9%,-8.8%,143,-4.7%,-51.2%,12,0,-7,102.5%,0.3%,2.2%
,2020,$387K,1.2%,11.4%,"2,365",2.9%,-0.2%,"2,435",6.4%,5.6%,"1,772",-3.1%,-43.6%,82,-1,-10,101.1%,0.3%,1.3%
,2019,$347K,0.4%,7.7%,"2,425",2.6%,2.3%,"2,561",3.3%,-7.2%,"3,215",-4.5%,-16.7%,204,-1,0,99.8%,0.0%,-0.3%
,2018,$323K,1.5%,9.6%,"2,363",0.5%,-7.2%,"2,703",3.6%,1.3%,"3,993",2.7%,-5.1%,209,1,-6,100.1%,0.0%,0.3%
,2017,$295K,0.2%,6.7%,"2,584",2.3%,6.7%,"2,743",4.0%,0.6%,"4,213",-2.4%,-23.1%,277,-2,-8,99.8%,0.0%,0.7%
,2016,$277K,0.9%,7.5%,"2,421",1.9%,14.4%,"2,777",4.6%,9.8%,"5,488",-0.2%,-17.6%,370,1,-18,99.1%,0.0%,0.8%
,2015,$257K,0.9%,7.2%,"2,159",4.4%,15.6%,"2,495",0.2%,3.8%,"6,659",-3.0%,-15.0%,584,-3,-7,98.3%,0.1%,0.1%
,2014,$240K,-0.2%,0.3%,"1,867",1.0%,4.4%,"2,418",2.7%,0.6%,"7,868",0.0%,3.0%,668,1,-3,98.2%,-0.1%,0.2%
,2013,$240K,0.9%,3.3%,"1,809",3.7%,22.2%,"2,410",5.5%,19.9%,"7,654",0.7%,-4.3%,702,-1,-25,98.0%,0.0%,1.0%
,2012,$233K,-0.1%,-1.7%,"1,432",6.6%,10.7%,"1,896",-0.6%,-1.7%,"7,328",-1.5%,-18.3%,901,-2,-2,97.1%,0.1%,-0.1%
"Gig Harbor, WA",2021,$681K,6.3%,25.0%,122,-17.3%,-4.8%,167,4.8%,6.7%,103,0.2%,-61.4%,20,0,-52,101.5%,0.2%,2.5%
,2020,$610K,1.8%,9.8%,"1,187",6.5%,6.0%,"1,211",10.2%,9.4%,"1,467",-7.2%,-39.4%,246,-3,-16,100.3%,0.2%,0.8%
,2019,$556K,0.5%,10.5%,"1,135",2.0%,-14.2%,"1,219",11.5%,-12.9%,"2,407",-2.4%,-18.2%,443,-1,2,99.5%,0.0%,-0.2%
,2018,$504K,0.3%,7.7%,"1,332",-0.3%,0.6%,"1,449",-1.0%,-4.7%,"2,971",0.1%,-8.4%,420,1,-5,99.7%,0.0%,-0.1%
,2017,$470K,1.4%,9.4%,"1,339",3.3%,14.7%,"1,510",5.6%,6.8%,"3,270",0.1%,-5.9%,485,-3,-3,99.8%,0.0%,0.4%
,2016,$430K,2.6%,15.3%,"1,202",3.9%,5.2%,"1,436",8.7%,13.5%,"3,479",0.4%,-12.7%,526,2,-10,99.4%,0.0%,0.6%
,2015,$374K,-0.7%,11.1%,"1,141",2.2%,19.6%,"1,316",2.6%,2.7%,"4,013",-2.3%,-7.0%,648,-5,-6,98.9%,0.1%,0.6%
,2014,$339K,2.8%,8.2%,970,5.2%,-2.0%,"1,255",6.5%,2.8%,"4,319",0.3%,-1.3%,714,2,-11,98.2%,-0.1%,-0.2%
,2013,$315K,0.3%,1.5%,"1,015",5.1%,36.7%,"1,272",3.7%,12.6%,"4,373",0.1%,-6.6%,842,0,-11,98.4%,0.1%,1.1%
,2012,$311K,0.6%,4.4%,729,10.8%,22.9%,"1,026",-3.3%,2.7%,"4,321",-0.7%,-16.2%,878,-1,-17,97.4%,0.2%,0.5%
"Bellingham, WA",2021,$501K,0.7%,14.5%,189,-22.2%,9.5%,213,22.8%,10.0%,136,5.9%,-54.7%,12,-2,-23,102.1%,0.8%,2.7%
,2020,$454K,1.3%,8.9%,"1,755",5.0%,0.2%,"1,833",7.3%,0.0%,"1,978",-5.5%,-21.0%,138,-2,-6,100.4%,0.1%,0.6%
,2019,$418K,0.0%,5.5%,"1,765",2.4%,-4.3%,"1,906",5.0%,-5.4%,"2,579",-0.6%,-5.3%,210,1,2,99.8%,0.0%,0.1%
,2018,$397K,1.3%,12.3%,"1,878",-1.2%,-1.4%,"2,008",3.5%,-4.5%,"2,722",-0.3%,-13.7%,188,-1,-3,99.7%,0.0%,-0.1%
,2017,$354K,1.0%,9.7%,"1,909",1.6%,-0.8%,"2,144",2.4%,1.5%,"3,298",2.7%,-11.4%,220,0,-5,99.8%,0.0%,1.1%
,2016,$322K,0.5%,9.1%,"1,954",1.6%,6.9%,"2,115",3.7%,2.2%,"3,773",-2.1%,-21.7%,282,0,-16,98.7%,0.0%,0.5%
,2015,$296K,0.8%,7.5%,"1,854",4.2%,14.9%,"2,105",6.0%,4.4%,"4,825",-3.0%,-26.3%,469,-3,-17,98.2%,0.1%,0.6%
,2014,$276K,0.9%,2.2%,"1,617",3.7%,6.9%,"2,058",3.4%,-4.2%,"6,539",-0.9%,-4.3%,678,0,12,97.6%,0.0%,-0.3%
,2013,$270K,-0.6%,4.3%,"1,543",3.6%,17.7%,"2,169",3.9%,16.8%,"6,845",1.1%,1.2%,540,1,-17,97.9%,0.0%,0.9%
,2012,$261K,2.2%,3.6%,"1,253",7.1%,20.9%,"1,724",0.6%,9.0%,"6,250",-0.8%,-12.2%,651,-3,-16,97.1%,0.1%,0.7%
"Bainbridge Island, WA",2020,$904K,2.2%,9.3%,573,4.5%,24.2%,590,13.4%,12.6%,711,-3.2%,-32.8%,253,-3,-15,100.1%,0.2%,1.6%
,2021,$857K,1.4%,16.2%,54,-21.0%,2.4%,53,42.2%,-7.6%,40,-14.4%,-57.4%,19,-8,-50,102.1%,1.9%,3.7%
,2018,$850K,2.8%,14.6%,521,1.3%,-3.2%,579,1.7%,-7.1%,952,1.7%,-13.3%,298,1,-1,99.4%,-0.2%,0.0%
,2019,$833K,-0.1%,-1.1%,488,10.2%,-3.6%,578,12.8%,3.2%,"1,107",1.6%,16.6%,432,1,11,98.5%,0.1%,-0.9%
,2017,$755K,2.1%,16.0%,571,9.6%,18.8%,609,3.5%,5.1%,"1,101",-1.7%,10.1%,307,-1,7,99.4%,0.2%,0.1%
,2016,$655K,1.0%,7.0%,484,5.6%,7.8%,591,6.3%,15.8%,"1,063",4.1%,24.7%,226,1,3,99.3%,-0.1%,0.0%
,2015,$620K,1.6%,12.6%,465,7.7%,-2.7%,516,4.9%,2.2%,850,-0.2%,-32.4%,192,-2,-21,99.3%,0.1%,1.2%
,2014,$556K,4.4%,16.1%,503,7.4%,3.9%,558,12.6%,-1.1%,"1,328",-0.9%,-17.2%,440,1,-16,98.1%,0.0%,0.8%
,2013,$483K,2.4%,6.8%,503,2.1%,13.7%,578,21.3%,15.9%,"1,579",-1.4%,-28.3%,633,-3,-33,97.2%,0.1%,1.2%
,2012,$464K,1.3%,0.4%,452,16.0%,49.5%,499,-2.3%,-7.8%,"2,039",-3.6%,-22.0%,857,-8,-16,96.1%,0.0%,0.3%
"Whidbey Island, WA",2021,$435K,4.2%,23.7%,164,-21.6%,22.2%,171,-1.1%,38.1%,97,1.4%,-61.4%,11,-2,-34,101.8%,0.9%,3.5%
,2020,$407K,1.1%,12.3%,"1,323",4.5%,0.3%,"1,287",10.2%,0.2%,"1,290",-8.3%,-52.2%,181,-3,-13,99.8%,0.2%,0.7%
,2019,$362K,0.8%,4.3%,"1,323",1.6%,-4.2%,"1,425",0.4%,-8.1%,"2,740",-2.1%,0.7%,333,0,2,99.1%,0.0%,-0.1%
,2018,$347K,0.5%,5.2%,"1,384",0.7%,0.0%,"1,530",3.4%,0.5%,"2,759",1.5%,-11.8%,312,0,-11,99.1%,-0.1%,0.4%
,2017,$331K,0.7%,9.6%,"1,402",2.1%,10.5%,"1,538",5.9%,1.9%,"3,181",-0.5%,-10.7%,443,0,4,98.7%,0.1%,-0.1%
,2016,$303K,0.8%,9.8%,"1,340",3.4%,10.7%,"1,560",3.3%,13.6%,"3,552",0.3%,-11.6%,391,-1,-19,98.8%,0.1%,0.8%
,2015,$278K,0.7%,6.0%,"1,202",3.7%,16.6%,"1,391",9.3%,12.5%,"4,005",-1.0%,-19.5%,617,-5,-21,98.1%,0.0%,0.5%
,2014,$263K,2.1%,4.8%,"1,034",2.1%,20.0%,"1,275",5.0%,-2.5%,"4,992",-1.2%,-12.2%,865,-1,-24,97.6%,0.1%,0.5%
,2012,$255K,4.4%,-0.4%,663,10.5%,8.9%,"1,052",-0.7%,-6.0%,"5,494",-0.7%,-8.6%,"1,141",-2,2,96.2%,0.0%,0.0%
,2013,$253K,0.0%,3.6%,877,5.2%,31.0%,"1,314",9.9%,20.7%,"5,722",0.5%,-3.6%,"1,156",1,-9,97.1%,0.0%,0.9%
"Clinton, WA",2020,$567K,6.6%,25.6%,103,5.3%,22.3%,108,15.8%,8.9%,142,4.0%,-44.4%,417,-4,-11,100.4%,0.2%,1.9%
,2021,$530K,-3.6%,38.2%,12,75.0%,50.0%,12,23.2%,-28.6%,17,-3.8%,22.9%,19,4,-39,102.1%,1.9%,4.3%
,2019,$482K,8.6%,14.9%,119,98.6%,142.4%,130,56.6%,64.7%,263,0.3%,-4.7%,554,-2,0,98.5%,-0.2%,-0.5%
,2018,$428K,4.1%,14.7%,91,17.1%,-9.3%,109,-6.1%,-4.8%,284,0.4%,-5.3%,551,5,-13,98.9%,0.2%,1.4%
,2016,$405K,5.2%,40.3%,131,9.3%,22.9%,155,2.0%,4.8%,397,-3.0%,-23.9%,448,1,-31,96.8%,-0.4%,-0.6%
,2017,$387K,2.1%,-1.3%,123,19.4%,7.7%,141,48.8%,50.8%,302,4.3%,-21.1%,705,-1,21,97.5%,0.4%,0.7%
,2012,$322K,24.6%,3.6%,65,4.2%,42.4%,130,25.1%,-4.8%,776,2.2%,6.9%,"1,968",48,95,96.4%,0.4%,0.1%
,2014,$316K,8.2%,30.0%,97,21.8%,69.5%,150,18.7%,-8.4%,730,1.9%,-6.0%,"1,079",6,-14,96.7%,-0.2%,-0.5%
,2015,$299K,5.6%,0.5%,123,32.3%,38.7%,144,15.9%,1.9%,524,-3.3%,-27.0%,824,-9,-21,97.4%,0.3%,0.7%
,2013,$291K,32.9%,7.3%,90,63.5%,40.6%,166,11.1%,49.9%,779,-1.2%,-4.8%,"1,242",-47,-67,97.4%,-0.1%,0.9%
"Leavenworth, WA",2020,$649K,10.5%,58.6%,134,20.2%,81.8%,161,43.9%,65.6%,286,-1.3%,-9.7%,674,-5,19,98.2%,0.4%,-0.1%
,2018,$506K,0.6%,61.1%,60,31.8%,82.6%,76,49.2%,92.3%,206,4.9%,14.5%,621,-12,25,99.1%,-0.6%,-0.3%
,2021,$488K,6.4%,-13.3%,12,455.0%,0.0%,13,12.9%,-6.3%,28,-9.8%,-28.3%,55,18,-67,99.9%,-1.8%,2.8%
,2019,$424K,3.9%,-10.2%,80,8.9%,43.1%,108,25.9%,48.6%,346,5.6%,46.6%,448,4,-23,98.4%,0.0%,-1.6%
,2017,$358K,18.7%,13.5%,49,19.5%,89.8%,65,96.0%,78.7%,188,21.6%,68.0%,425,1,-71,99.0%,-0.2%,2.8%
,2016,$358K,25.0%,35.0%,36,79.2%,32.5%,46,87.6%,-40.4%,130,-3.4%,-58.5%,"1,312",-6,-21,96.7%,0.4%,1.0%
,2013,$298K,5.6%,10.5%,42,16.5%,49.6%,65,78.9%,-8.3%,345,-2.2%,-5.2%,"1,580",-6,-11,94.7%,0.6%,1.1%
,2015,$281K,1.8%,29.4%,48,69.2%,5.0%,70,-15.7%,71.5%,320,-2.8%,4.3%,"1,301",-26,48,97.7%,1.7%,-1.3%
,2012,$274K,9.4%,23.4%,36,37.7%,154.8%,74,71.8%,82.2%,349,3.7%,-21.5%,"1,562",3,37,93.1%,-0.9%,3.4%
,2014,$263K,14.1%,-8.6%,35,16.9%,20.2%,50,71.4%,-4.0%,227,6.8%,-6.2%,678,14,-31,97.0%,-1.6%,3.2%
"La Conner, WA",2020,$394K,4.6%,13.1%,107,16.0%,40.3%,102,50.9%,23.2%,157,-9.9%,-23.3%,550,-5,10,98.0%,0.1%,-0.1%
,2018,$383K,13.4%,48.5%,76,9.1%,-0.2%,88,48.5%,-5.8%,212,-2.0%,-39.9%,687,-4,3,97.3%,0.4%,0.2%
,2021,$372K,2.2%,-14.4%,7,-14.6%,-33.9%,14,137.5%,21.4%,13,64.6%,-61.8%,176,-8,-10,98.7%,-1.0%,1.7%
,2019,$356K,0.5%,-2.5%,90,33.0%,25.5%,120,14.9%,47.9%,284,8.9%,32.9%,428,5,-22,98.1%,-0.1%,0.8%
,2015,$320K,17.3%,56.5%,75,10.2%,41.9%,120,37.2%,35.2%,487,2.6%,6.6%,"1,216",4,0,96.1%,-0.4%,0.0%
,2017,$266K,3.4%,12.3%,106,83.9%,11.7%,116,-0.8%,3.3%,351,0.3%,-3.8%,650,1,-27,97.1%,0.0%,-0.1%
,2012,$266K,33.8%,19.7%,39,41.0%,-13.3%,87,13.1%,7.1%,579,1.8%,13.3%,"1,405",14,-4,94.2%,-0.5%,1.3%
,2016,$240K,1.2%,-17.8%,101,8.2%,63.3%,116,21.1%,9.9%,366,-1.1%,-18.6%,972,-3,-20,97.3%,-0.1%,1.2%
,2014,$237K,7.5%,4.9%,72,44.7%,-7.6%,100,17.4%,-9.5%,450,-1.1%,-18.4%,"1,216",-9,-33,96.1%,0.9%,2.1%
,2013,$234K,5.8%,32.3%,89,18.1%,189.0%,121,15.6%,53.2%,550,-0.4%,-8.9%,"1,613",-1,15,94.0%,-0.4%,-0.8%
